{
	"credit": "Model by Daniel Rose",
	"texture_size": [32, 32],
	"textures": {
		"0": "models/shotbow_bow",
		"1": "models/shotbow_arrow",
		"particle": "models/shotbow_bow"
	},
	"elements": [
		{
			"from": [3, 3, 7.575],
			"to": [4, 3.5, 8.175],
			"faces": {
				"north": {"uv": [0, 4.75, 0.5, 5], "texture": "#0"},
				"east": {"uv": [0, 0, 0.25, 0.25], "texture": "#0"},
				"south": {"uv": [0, 4.75, 0.5, 5], "texture": "#0"},
				"west": {"uv": [0, 4.75, 0.25, 5], "texture": "#0"},
				"up": {"uv": [0, 4.75, 0.5, 5], "texture": "#0"},
				"down": {"uv": [0, 4.75, 0.5, 5], "texture": "#0"}
			}
		},
		{
			"from": [3.5, 3.5, 7.575],
			"to": [4.5, 4, 8.175],
			"faces": {
				"north": {"uv": [0.25, 4.5, 0.75, 4.75], "texture": "#0"},
				"east": {"uv": [0, 0, 0.25, 0.25], "texture": "#0"},
				"south": {"uv": [0.25, 4.5, 0.75, 4.75], "texture": "#0"},
				"west": {"uv": [0.25, 4.5, 0.5, 4.75], "texture": "#0"},
				"up": {"uv": [0.25, 4.5, 0.75, 4.75], "texture": "#0"},
				"down": {"uv": [0, 0, 0.5, 0.25], "texture": "#0"}
			}
		},
		{
			"from": [4, 4, 7.575],
			"to": [4.5, 5.5, 8.175],
			"faces": {
				"north": {"uv": [0.5, 3.75, 0.75, 4.5], "texture": "#0"},
				"east": {"uv": [0, 0, 0.25, 0.75], "texture": "#0"},
				"south": {"uv": [0.5, 3.75, 0.75, 4.5], "texture": "#0"},
				"west": {"uv": [0.5, 3.75, 0.75, 4.5], "texture": "#0"},
				"up": {"uv": [0.5, 3.75, 0.75, 4], "texture": "#0"},
				"down": {"uv": [0, 0, 0.25, 0.25], "texture": "#0"}
			}
		},
		{
			"from": [4.5, 5, 7.575],
			"to": [5, 6.5, 8.175],
			"faces": {
				"north": {"uv": [0.75, 3.25, 1, 4], "texture": "#0"},
				"east": {"uv": [0, 0, 0.25, 0.75], "texture": "#0"},
				"south": {"uv": [0.75, 3.25, 1, 4], "texture": "#0"},
				"west": {"uv": [0.75, 3.25, 1, 4], "texture": "#0"},
				"up": {"uv": [0, 0, 0.25, 0.25], "texture": "#0"},
				"down": {"uv": [0, 0, 0.25, 0.25], "texture": "#0"}
			}
		},
		{
			"from": [5.5, 6, 7.575],
			"to": [6, 7.5, 8.175],
			"faces": {
				"north": {"uv": [1.25, 2.75, 1.5, 3.5], "texture": "#0"},
				"east": {"uv": [1.25, 2.75, 1.5, 3.5], "texture": "#0"},
				"south": {"uv": [1.25, 2.75, 1.5, 3.5], "texture": "#0"},
				"west": {"uv": [0, 0, 0.25, 0.75], "texture": "#0"},
				"up": {"uv": [0, 0, 0.25, 0.25], "texture": "#0"},
				"down": {"uv": [1.25, 2.75, 1.5, 3], "texture": "#0"}
			}
		},
		{
			"from": [5, 6, 7.575],
			"to": [5.5, 7, 8.175],
			"faces": {
				"north": {"uv": [1, 3, 1.25, 3.5], "texture": "#0"},
				"east": {"uv": [0, 0, 0.25, 0.5], "texture": "#0"},
				"south": {"uv": [1, 3, 1.25, 3.5], "texture": "#0"},
				"west": {"uv": [0, 0, 0.25, 0.5], "texture": "#0"},
				"up": {"uv": [0, 0, 0.25, 0.25], "texture": "#0"},
				"down": {"uv": [0, 0, 0.25, 0.25], "texture": "#0"}
			}
		},
		{
			"from": [5, 7, 7.575],
			"to": [5.5, 8, 8.175],
			"faces": {
				"north": {"uv": [1, 2.5, 1.25, 3], "texture": "#0"},
				"east": {"uv": [0, 0, 0.25, 0.5], "texture": "#0"},
				"south": {"uv": [1, 2.5, 1.25, 3], "texture": "#0"},
				"west": {"uv": [1, 2.5, 1.25, 3], "texture": "#0"},
				"up": {"uv": [0, 0, 0.25, 0.25], "texture": "#0"},
				"down": {"uv": [0, 0, 0.25, 0.25], "texture": "#0"}
			}
		},
		{
			"from": [4.5, 6.5, 7.575],
			"to": [5, 7.5, 8.175],
			"faces": {
				"north": {"uv": [0.75, 2.75, 1, 3.25], "texture": "#0"},
				"east": {"uv": [0, 0, 0.25, 0.5], "texture": "#0"},
				"south": {"uv": [0.75, 2.75, 1, 3.25], "texture": "#0"},
				"west": {"uv": [0.75, 2.75, 1, 3.25], "texture": "#0"},
				"up": {"uv": [0.75, 2.75, 1, 3], "texture": "#0"},
				"down": {"uv": [0, 0, 0.25, 0.25], "texture": "#0"}
			}
		},
		{
			"from": [5, 5, 7.575],
			"to": [5.5, 6, 8.175],
			"faces": {
				"north": {"uv": [1, 3.5, 1.25, 4], "texture": "#0"},
				"east": {"uv": [1, 3.5, 1.25, 4], "texture": "#0"},
				"south": {"uv": [1, 3.5, 1.25, 4], "texture": "#0"},
				"west": {"uv": [0, 0, 0.25, 0.5], "texture": "#0"},
				"up": {"uv": [0, 0, 0.25, 0.25], "texture": "#0"},
				"down": {"uv": [1, 3.5, 1.25, 3.75], "texture": "#0"}
			}
		},
		{
			"from": [4.5, 3.5, 7.575],
			"to": [5, 5, 8.175],
			"faces": {
				"north": {"uv": [0.75, 4, 1, 4.75], "texture": "#0"},
				"east": {"uv": [0.75, 4, 1, 4.75], "texture": "#0"},
				"south": {"uv": [0.75, 4, 1, 4.75], "texture": "#0"},
				"west": {"uv": [0, 0, 0.25, 0.75], "texture": "#0"},
				"up": {"uv": [0, 0, 0.25, 0.25], "texture": "#0"},
				"down": {"uv": [0.75, 4, 1, 4.25], "texture": "#0"}
			}
		},
		{
			"from": [4, 3, 7.575],
			"to": [4.5, 3.5, 8.175],
			"faces": {
				"north": {"uv": [0.5, 4.75, 0.75, 5], "texture": "#0"},
				"east": {"uv": [0.5, 4.75, 0.75, 5], "texture": "#0"},
				"south": {"uv": [0.5, 4.75, 0.75, 5], "texture": "#0"},
				"west": {"uv": [0, 0, 0.25, 0.25], "texture": "#0"},
				"up": {"uv": [0, 0, 0.25, 0.25], "texture": "#0"},
				"down": {"uv": [0.5, 4.75, 0.75, 5], "texture": "#0"}
			}
		},
		{
			"from": [5, 4, 7.575],
			"to": [5.5, 4.5, 8.175],
			"faces": {
				"north": {"uv": [1, 4.25, 1.25, 4.5], "texture": "#0"},
				"east": {"uv": [1, 4.25, 1.25, 4.5], "texture": "#0"},
				"south": {"uv": [1, 4.25, 1.25, 4.5], "texture": "#0"},
				"west": {"uv": [1, 4.25, 1.25, 4.5], "texture": "#0"},
				"up": {"uv": [1, 4.25, 1.25, 4.5], "texture": "#0"},
				"down": {"uv": [1, 4.25, 1.25, 4.5], "texture": "#0"}
			}
		},
		{
			"from": [5.5, 4.5, 7.575],
			"to": [6, 5, 8.175],
			"faces": {
				"north": {"uv": [1.25, 4, 1.5, 4.25], "texture": "#0"},
				"east": {"uv": [1.25, 4, 1.5, 4.25], "texture": "#0"},
				"south": {"uv": [1.25, 4, 1.5, 4.25], "texture": "#0"},
				"west": {"uv": [1.25, 4, 1.5, 4.25], "texture": "#0"},
				"up": {"uv": [1.25, 4, 1.5, 4.25], "texture": "#0"},
				"down": {"uv": [1.25, 4, 1.5, 4.25], "texture": "#0"}
			}
		},
		{
			"from": [6, 4.5, 7.575],
			"to": [6.5, 5, 8.175],
			"faces": {
				"north": {"uv": [1.5, 3.75, 1.75, 4], "texture": "#0"},
				"east": {"uv": [1.5, 3.75, 1.75, 4], "texture": "#0"},
				"south": {"uv": [1.5, 3.75, 1.75, 4], "texture": "#0"},
				"west": {"uv": [1.5, 3.75, 1.75, 4], "texture": "#0"},
				"up": {"uv": [1.5, 3.75, 1.75, 4], "texture": "#0"},
				"down": {"uv": [1.5, 3.75, 1.75, 4], "texture": "#0"}
			}
		},
		{
			"from": [6.5, 5, 7.575],
			"to": [7, 5.5, 8.175],
			"faces": {
				"north": {"uv": [1.75, 3.5, 2, 3.75], "texture": "#0"},
				"east": {"uv": [1.75, 3.5, 2, 3.75], "texture": "#0"},
				"south": {"uv": [1.75, 3.5, 2, 3.75], "texture": "#0"},
				"west": {"uv": [1.75, 3.5, 2, 3.75], "texture": "#0"},
				"up": {"uv": [1.75, 3.5, 2, 3.75], "texture": "#0"},
				"down": {"uv": [1.75, 3.5, 2, 3.75], "texture": "#0"}
			}
		},
		{
			"from": [7, 5.5, 7.575],
			"to": [7.5, 6, 8.175],
			"faces": {
				"north": {"uv": [2, 3.25, 2.25, 3.5], "texture": "#0"},
				"east": {"uv": [2, 3.25, 2.25, 3.5], "texture": "#0"},
				"south": {"uv": [2, 3.25, 2.25, 3.5], "texture": "#0"},
				"west": {"uv": [2, 3.25, 2.25, 3.5], "texture": "#0"},
				"up": {"uv": [2, 3.25, 2.25, 3.5], "texture": "#0"},
				"down": {"uv": [2, 3.25, 2.25, 3.5], "texture": "#0"}
			}
		},
		{
			"from": [7.5, 5.5, 7.575],
			"to": [8, 6, 8.175],
			"faces": {
				"north": {"uv": [2.25, 3, 2.5, 3.25], "texture": "#0"},
				"east": {"uv": [2.25, 3, 2.5, 3.25], "texture": "#0"},
				"south": {"uv": [2.25, 3, 2.5, 3.25], "texture": "#0"},
				"west": {"uv": [2.25, 3, 2.5, 3.25], "texture": "#0"},
				"up": {"uv": [2.25, 3, 2.5, 3.25], "texture": "#0"},
				"down": {"uv": [2.25, 3, 2.5, 3.25], "texture": "#0"}
			}
		},
		{
			"from": [8, 6, 7.575],
			"to": [8.5, 6.5, 8.175],
			"faces": {
				"north": {"uv": [2.5, 2.75, 2.75, 3], "texture": "#0"},
				"east": {"uv": [2.5, 2.75, 2.75, 3], "texture": "#0"},
				"south": {"uv": [2.5, 2.75, 2.75, 3], "texture": "#0"},
				"west": {"uv": [2.5, 2.75, 2.75, 3], "texture": "#0"},
				"up": {"uv": [2.5, 2.75, 2.75, 3], "texture": "#0"},
				"down": {"uv": [2.5, 2.75, 2.75, 3], "texture": "#0"}
			}
		},
		{
			"from": [8.5, 6.5, 7.575],
			"to": [9, 7, 8.175],
			"faces": {
				"north": {"uv": [2.5, 2.75, 2.75, 3], "texture": "#0"},
				"east": {"uv": [2.5, 2.75, 2.75, 3], "texture": "#0"},
				"south": {"uv": [2.5, 2.75, 2.75, 3], "texture": "#0"},
				"west": {"uv": [2.5, 2.75, 2.75, 3], "texture": "#0"},
				"up": {"uv": [2.5, 2.75, 2.75, 3], "texture": "#0"},
				"down": {"uv": [2.5, 2.75, 2.75, 3], "texture": "#0"}
			}
		},
		{
			"from": [9, 7, 7.575],
			"to": [9.5, 7.5, 8.175],
			"faces": {
				"north": {"uv": [2.5, 2.75, 2.75, 3], "texture": "#0"},
				"east": {"uv": [2.5, 2.75, 2.75, 3], "texture": "#0"},
				"south": {"uv": [2.5, 2.75, 2.75, 3], "texture": "#0"},
				"west": {"uv": [2.5, 2.75, 2.75, 3], "texture": "#0"},
				"up": {"uv": [2.5, 2.75, 2.75, 3], "texture": "#0"},
				"down": {"uv": [2.5, 2.75, 2.75, 3], "texture": "#0"}
			}
		},
		{
			"from": [9.5, 7.5, 7.575],
			"to": [10, 8, 8.175],
			"faces": {
				"north": {"uv": [2.75, 2.5, 3, 2.75], "texture": "#0"},
				"east": {"uv": [2.75, 2.5, 3, 2.75], "texture": "#0"},
				"south": {"uv": [2.75, 2.5, 3, 2.75], "texture": "#0"},
				"west": {"uv": [2.75, 2.5, 3, 2.75], "texture": "#0"},
				"up": {"uv": [2.75, 2.5, 3, 2.75], "texture": "#0"},
				"down": {"uv": [2.75, 2.5, 3, 2.75], "texture": "#0"}
			}
		},
		{
			"from": [10, 8, 7.575],
			"to": [10.5, 8.5, 8.175],
			"faces": {
				"north": {"uv": [3, 2.25, 3.25, 2.5], "texture": "#0"},
				"east": {"uv": [3, 2.25, 3.25, 2.5], "texture": "#0"},
				"south": {"uv": [3, 2.25, 3.25, 2.5], "texture": "#0"},
				"west": {"uv": [3, 2.25, 3.25, 2.5], "texture": "#0"},
				"up": {"uv": [3, 2.25, 3.25, 2.5], "texture": "#0"},
				"down": {"uv": [3, 2.25, 3.25, 2.5], "texture": "#0"}
			}
		},
		{
			"from": [10, 8.5, 7.575],
			"to": [10.5, 9, 8.175],
			"faces": {
				"north": {"uv": [3.25, 2, 3.5, 2.25], "texture": "#0"},
				"east": {"uv": [3.25, 2, 3.5, 2.25], "texture": "#0"},
				"south": {"uv": [3.25, 2, 3.5, 2.25], "texture": "#0"},
				"west": {"uv": [3.25, 2, 3.5, 2.25], "texture": "#0"},
				"up": {"uv": [3.25, 2, 3.5, 2.25], "texture": "#0"},
				"down": {"uv": [3.25, 2, 3.5, 2.25], "texture": "#0"}
			}
		},
		{
			"from": [10.5, 9, 7.575],
			"to": [11, 9.5, 8.175],
			"faces": {
				"north": {"uv": [3.5, 1.75, 3.75, 2], "texture": "#0"},
				"east": {"uv": [3.5, 1.75, 3.75, 2], "texture": "#0"},
				"south": {"uv": [3.5, 1.75, 3.75, 2], "texture": "#0"},
				"west": {"uv": [3.5, 1.75, 3.75, 2], "texture": "#0"},
				"up": {"uv": [3.5, 1.75, 3.75, 2], "texture": "#0"},
				"down": {"uv": [3.5, 1.75, 3.75, 2], "texture": "#0"}
			}
		},
		{
			"from": [11, 9.5, 7.575],
			"to": [11.5, 10, 8.175],
			"faces": {
				"north": {"uv": [3.75, 1.5, 4, 1.75], "texture": "#0"},
				"east": {"uv": [3.75, 1.5, 4, 1.75], "texture": "#0"},
				"south": {"uv": [3.75, 1.5, 4, 1.75], "texture": "#0"},
				"west": {"uv": [3.75, 1.5, 4, 1.75], "texture": "#0"},
				"up": {"uv": [3.75, 1.5, 4, 1.75], "texture": "#0"},
				"down": {"uv": [3.75, 1.5, 4, 1.75], "texture": "#0"}
			}
		},
		{
			"from": [11, 10, 7.575],
			"to": [11.5, 10.5, 8.175],
			"faces": {
				"north": {"uv": [4, 1.25, 4.25, 1.5], "texture": "#0"},
				"east": {"uv": [4, 1.25, 4.25, 1.5], "texture": "#0"},
				"south": {"uv": [4, 1.25, 4.25, 1.5], "texture": "#0"},
				"west": {"uv": [4, 1.25, 4.25, 1.5], "texture": "#0"},
				"up": {"uv": [4, 1.25, 4.25, 1.5], "texture": "#0"},
				"down": {"uv": [4, 1.25, 4.25, 1.5], "texture": "#0"}
			}
		},
		{
			"from": [11.5, 10.5, 7.575],
			"to": [12, 11, 8.175],
			"faces": {
				"north": {"uv": [4.25, 1, 4.5, 1.25], "texture": "#0"},
				"east": {"uv": [4.25, 1, 4.5, 1.25], "texture": "#0"},
				"south": {"uv": [4.25, 1, 4.5, 1.25], "texture": "#0"},
				"west": {"uv": [4.25, 1, 4.5, 1.25], "texture": "#0"},
				"up": {"uv": [4.25, 1, 4.5, 1.25], "texture": "#0"},
				"down": {"uv": [4.25, 1, 4.5, 1.25], "texture": "#0"}
			}
		},
		{
			"from": [12.5, 11.5, 7.575],
			"to": [13, 12, 8.175],
			"faces": {
				"north": {"uv": [4.75, 0.5, 5, 0.75], "texture": "#0"},
				"east": {"uv": [4.75, 0.5, 5, 0.75], "texture": "#0"},
				"south": {"uv": [4.75, 0.5, 5, 0.75], "texture": "#0"},
				"west": {"uv": [0, 0, 0.25, 0.25], "texture": "#0"},
				"up": {"uv": [0, 0, 0.25, 0.25], "texture": "#0"},
				"down": {"uv": [4.75, 0.5, 5, 0.75], "texture": "#0"}
			}
		},
		{
			"from": [12.5, 12.5, 7.575],
			"to": [13, 13, 8.175],
			"faces": {
				"north": {"uv": [4.75, 0, 5, 0.25], "texture": "#0"},
				"east": {"uv": [4.75, 0, 5, 0.25], "texture": "#0"},
				"south": {"uv": [4.75, 0, 5, 0.25], "texture": "#0"},
				"west": {"uv": [4.75, 0, 5, 0.25], "texture": "#0"},
				"up": {"uv": [4.75, 0, 5, 0.25], "texture": "#0"},
				"down": {"uv": [0, 0, 0.25, 0.25], "texture": "#0"}
			}
		},
		{
			"from": [5.5, 8, 7.575],
			"to": [6, 8.5, 8.175],
			"faces": {
				"north": {"uv": [1.25, 2.25, 1.5, 2.5], "texture": "#0"},
				"east": {"uv": [0, 0, 0.25, 0.25], "texture": "#0"},
				"south": {"uv": [1.25, 2.25, 1.5, 2.5], "texture": "#0"},
				"west": {"uv": [0, 0, 0.25, 0.25], "texture": "#0"},
				"up": {"uv": [0, 0, 0.25, 0.25], "texture": "#0"},
				"down": {"uv": [0, 0, 0.25, 0.25], "texture": "#0"}
			}
		},
		{
			"from": [5.5, 8.5, 7.575],
			"to": [6, 9, 8.175],
			"faces": {
				"north": {"uv": [1.25, 2, 1.5, 2.25], "texture": "#0"},
				"east": {"uv": [0, 0, 0.25, 0.25], "texture": "#0"},
				"south": {"uv": [1.25, 2, 1.5, 2.25], "texture": "#0"},
				"west": {"uv": [1.25, 2, 1.5, 2.25], "texture": "#0"},
				"up": {"uv": [1.25, 2, 1.5, 2.25], "texture": "#0"},
				"down": {"uv": [0, 0, 0.25, 0.25], "texture": "#0"}
			}
		},
		{
			"from": [6, 9, 7.575],
			"to": [6.5, 9.5, 8.175],
			"faces": {
				"north": {"uv": [1.5, 1.75, 1.75, 2], "texture": "#0"},
				"east": {"uv": [0, 0, 0.25, 0.25], "texture": "#0"},
				"south": {"uv": [1.5, 1.75, 1.75, 2], "texture": "#0"},
				"west": {"uv": [1.5, 1.75, 1.75, 2], "texture": "#0"},
				"up": {"uv": [1.5, 1.75, 1.75, 2], "texture": "#0"},
				"down": {"uv": [0, 0, 0.25, 0.25], "texture": "#0"}
			}
		},
		{
			"from": [6.5, 9.5, 7.575],
			"to": [7, 10, 8.175],
			"faces": {
				"north": {"uv": [1.75, 1.5, 2, 1.75], "texture": "#0"},
				"east": {"uv": [0, 0, 0.25, 0.25], "texture": "#0"},
				"south": {"uv": [1.75, 1.5, 2, 1.75], "texture": "#0"},
				"west": {"uv": [1.75, 1.5, 2, 1.75], "texture": "#0"},
				"up": {"uv": [1.75, 1.5, 2, 1.75], "texture": "#0"},
				"down": {"uv": [0, 0, 0.25, 0.25], "texture": "#0"}
			}
		},
		{
			"from": [7, 10, 7.575],
			"to": [7.5, 10.5, 8.175],
			"faces": {
				"north": {"uv": [2, 1.25, 2.25, 1.5], "texture": "#0"},
				"east": {"uv": [0, 0, 0.25, 0.25], "texture": "#0"},
				"south": {"uv": [2, 1.25, 2.25, 1.5], "texture": "#0"},
				"west": {"uv": [2, 1.25, 2.25, 1.5], "texture": "#0"},
				"up": {"uv": [2, 1.25, 2.25, 1.5], "texture": "#0"},
				"down": {"uv": [0, 0, 0.25, 0.25], "texture": "#0"}
			}
		},
		{
			"from": [7.5, 10.5, 7.575],
			"to": [8, 11, 8.175],
			"faces": {
				"north": {"uv": [2.25, 1, 2.5, 1.25], "texture": "#0"},
				"east": {"uv": [0, 0, 0.25, 0.25], "texture": "#0"},
				"south": {"uv": [2.25, 1, 2.5, 1.25], "texture": "#0"},
				"west": {"uv": [2.25, 1, 2.5, 1.25], "texture": "#0"},
				"up": {"uv": [2.25, 1, 2.5, 1.25], "texture": "#0"},
				"down": {"uv": [0, 0, 0.25, 0.25], "texture": "#0"}
			}
		},
		{
			"from": [5.5, 7.5, 7.575],
			"to": [6, 8, 8.175],
			"faces": {
				"north": {"uv": [1.25, 2.5, 1.5, 2.75], "texture": "#0"},
				"east": {"uv": [0, 0, 0.25, 0.25], "texture": "#0"},
				"south": {"uv": [1.25, 2.5, 1.5, 2.75], "texture": "#0"},
				"west": {"uv": [0, 0, 0.25, 0.25], "texture": "#0"},
				"up": {"uv": [0, 0, 0.25, 0.25], "texture": "#0"},
				"down": {"uv": [0, 0, 0.25, 0.25], "texture": "#0"}
			}
		},
		{
			"from": [5, 8, 7.575],
			"to": [5.5, 8.5, 8.175],
			"faces": {
				"north": {"uv": [1, 2.25, 1.25, 2.5], "texture": "#0"},
				"east": {"uv": [0, 0, 0.25, 0.25], "texture": "#0"},
				"south": {"uv": [1, 2.25, 1.25, 2.5], "texture": "#0"},
				"west": {"uv": [1, 2.25, 1.25, 2.5], "texture": "#0"},
				"up": {"uv": [1, 2.25, 1.25, 2.5], "texture": "#0"},
				"down": {"uv": [0, 0, 0.25, 0.25], "texture": "#0"}
			}
		},
		{
			"from": [6, 7.5, 7.575],
			"to": [6.5, 8, 8.175],
			"faces": {
				"north": {"uv": [1.5, 2.5, 1.75, 2.75], "texture": "#0"},
				"east": {"uv": [1.5, 2.5, 1.75, 2.75], "texture": "#0"},
				"south": {"uv": [1.5, 2.5, 1.75, 2.75], "texture": "#0"},
				"west": {"uv": [0, 0, 0.25, 0.25], "texture": "#0"},
				"up": {"uv": [0, 0, 0.25, 0.25], "texture": "#0"},
				"down": {"uv": [1.5, 2.5, 1.75, 2.75], "texture": "#0"}
			}
		},
		{
			"from": [6, 8, 7.575],
			"to": [6.5, 8.5, 8.175],
			"faces": {
				"north": {"uv": [1.5, 2.25, 1.75, 2.5], "texture": "#0"},
				"east": {"uv": [0, 0, 0.25, 0.25], "texture": "#0"},
				"south": {"uv": [1.5, 2.25, 1.75, 2.5], "texture": "#0"},
				"west": {"uv": [0, 0, 0.25, 0.25], "texture": "#0"},
				"up": {"uv": [0, 0, 0.25, 0.25], "texture": "#0"},
				"down": {"uv": [0, 0, 0.25, 0.25], "texture": "#0"}
			}
		},
		{
			"from": [6, 8.5, 7.575],
			"to": [6.5, 9, 8.175],
			"faces": {
				"north": {"uv": [1.5, 2, 1.75, 2.25], "texture": "#0"},
				"east": {"uv": [0, 0, 0.25, 0.25], "texture": "#0"},
				"south": {"uv": [1.5, 2, 1.75, 2.25], "texture": "#0"},
				"west": {"uv": [0, 0, 0.25, 0.25], "texture": "#0"},
				"up": {"uv": [0, 0, 0.25, 0.25], "texture": "#0"},
				"down": {"uv": [0, 0, 0.25, 0.25], "texture": "#0"}
			}
		},
		{
			"from": [6.5, 8.5, 7.575],
			"to": [7, 9, 8.175],
			"faces": {
				"north": {"uv": [1.75, 2, 2, 2.25], "texture": "#0"},
				"east": {"uv": [0, 0, 0.25, 0.25], "texture": "#0"},
				"south": {"uv": [1.75, 2, 2, 2.25], "texture": "#0"},
				"west": {"uv": [0, 0, 0.25, 0.25], "texture": "#0"},
				"up": {"uv": [0, 0, 0.25, 0.25], "texture": "#0"},
				"down": {"uv": [0, 0, 0.25, 0.25], "texture": "#0"}
			}
		},
		{
			"from": [6.5, 9, 7.575],
			"to": [7, 9.5, 8.175],
			"faces": {
				"north": {"uv": [1.75, 1.75, 2, 2], "texture": "#0"},
				"east": {"uv": [0, 0, 0.25, 0.25], "texture": "#0"},
				"south": {"uv": [1.75, 1.75, 2, 2], "texture": "#0"},
				"west": {"uv": [0, 0, 0.25, 0.25], "texture": "#0"},
				"up": {"uv": [0, 0, 0.25, 0.25], "texture": "#0"},
				"down": {"uv": [0, 0, 0.25, 0.25], "texture": "#0"}
			}
		},
		{
			"from": [7, 9, 7.575],
			"to": [7.5, 9.5, 8.175],
			"faces": {
				"north": {"uv": [2, 1.75, 2.25, 2], "texture": "#0"},
				"east": {"uv": [0, 0, 0.25, 0.25], "texture": "#0"},
				"south": {"uv": [2, 1.75, 2.25, 2], "texture": "#0"},
				"west": {"uv": [0, 0, 0.25, 0.25], "texture": "#0"},
				"up": {"uv": [0, 0, 0.25, 0.25], "texture": "#0"},
				"down": {"uv": [0, 0, 0.25, 0.25], "texture": "#0"}
			}
		},
		{
			"from": [7, 9.5, 7.575],
			"to": [7.5, 10, 8.175],
			"faces": {
				"north": {"uv": [2, 1.5, 2.25, 1.75], "texture": "#0"},
				"east": {"uv": [0, 0, 0.25, 0.25], "texture": "#0"},
				"south": {"uv": [2, 1.5, 2.25, 1.75], "texture": "#0"},
				"west": {"uv": [0, 0, 0.25, 0.25], "texture": "#0"},
				"up": {"uv": [0, 0, 0.25, 0.25], "texture": "#0"},
				"down": {"uv": [0, 0, 0.25, 0.25], "texture": "#0"}
			}
		},
		{
			"from": [7.5, 9.5, 7.575],
			"to": [8, 10, 8.175],
			"faces": {
				"north": {"uv": [2.25, 1.5, 2.5, 1.75], "texture": "#0"},
				"east": {"uv": [0, 0, 0.25, 0.25], "texture": "#0"},
				"south": {"uv": [2.25, 1.5, 2.5, 1.75], "texture": "#0"},
				"west": {"uv": [0, 0, 0.25, 0.25], "texture": "#0"},
				"up": {"uv": [0, 0, 0.25, 0.25], "texture": "#0"},
				"down": {"uv": [0, 0, 0.25, 0.25], "texture": "#0"}
			}
		},
		{
			"from": [7.5, 10, 7.575],
			"to": [8, 10.5, 8.175],
			"faces": {
				"north": {"uv": [2.25, 1.25, 2.5, 1.5], "texture": "#0"},
				"east": {"uv": [0, 0, 0.25, 0.25], "texture": "#0"},
				"south": {"uv": [2.25, 1.25, 2.5, 1.5], "texture": "#0"},
				"west": {"uv": [0, 0, 0.25, 0.25], "texture": "#0"},
				"up": {"uv": [0, 0, 0.25, 0.25], "texture": "#0"},
				"down": {"uv": [0, 0, 0.25, 0.25], "texture": "#0"}
			}
		},
		{
			"from": [8, 10, 7.575],
			"to": [8.5, 10.5, 8.175],
			"faces": {
				"north": {"uv": [2.5, 1.25, 2.75, 1.5], "texture": "#0"},
				"east": {"uv": [0, 0, 0.25, 0.25], "texture": "#0"},
				"south": {"uv": [2.5, 1.25, 2.75, 1.5], "texture": "#0"},
				"west": {"uv": [0, 0, 0.25, 0.25], "texture": "#0"},
				"up": {"uv": [0, 0, 0.25, 0.25], "texture": "#0"},
				"down": {"uv": [0, 0, 0.25, 0.25], "texture": "#0"}
			}
		},
		{
			"from": [8, 10.5, 7.575],
			"to": [9, 11, 8.175],
			"faces": {
				"north": {"uv": [2.5, 1, 3, 1.25], "texture": "#0"},
				"east": {"uv": [0, 0, 0.25, 0.25], "texture": "#0"},
				"south": {"uv": [2.5, 1, 3, 1.25], "texture": "#0"},
				"west": {"uv": [0, 0, 0.25, 0.25], "texture": "#0"},
				"up": {"uv": [2.5, 1, 3, 1.25], "texture": "#0"},
				"down": {"uv": [0, 0, 0.5, 0.25], "texture": "#0"}
			}
		},
		{
			"from": [9, 10.5, 7.575],
			"to": [10, 11, 8.175],
			"faces": {
				"north": {"uv": [3, 1, 3.5, 1.25], "texture": "#0"},
				"east": {"uv": [0, 0, 0.25, 0.25], "texture": "#0"},
				"south": {"uv": [3, 1, 3.5, 1.25], "texture": "#0"},
				"west": {"uv": [0, 0, 0.25, 0.25], "texture": "#0"},
				"up": {"uv": [0, 0, 0.5, 0.25], "texture": "#0"},
				"down": {"uv": [0, 0, 0.5, 0.25], "texture": "#0"}
			}
		},
		{
			"from": [9.5, 11, 7.575],
			"to": [11, 11.5, 8.175],
			"faces": {
				"north": {"uv": [3.25, 0.75, 4, 1], "texture": "#0"},
				"east": {"uv": [0, 0, 0.25, 0.25], "texture": "#0"},
				"south": {"uv": [3.25, 0.75, 4, 1], "texture": "#0"},
				"west": {"uv": [0, 0, 0.25, 0.25], "texture": "#0"},
				"up": {"uv": [3.25, 0.75, 4, 1], "texture": "#0"},
				"down": {"uv": [0, 0, 0.75, 0.25], "texture": "#0"}
			}
		},
		{
			"from": [11, 11, 7.575],
			"to": [12.5, 11.5, 8.175],
			"faces": {
				"north": {"uv": [4, 0.75, 4.75, 1], "texture": "#0"},
				"east": {"uv": [4.5, 0.75, 4.75, 1], "texture": "#0"},
				"south": {"uv": [4, 0.75, 4.75, 1], "texture": "#0"},
				"west": {"uv": [0, 0, 0.25, 0.25], "texture": "#0"},
				"up": {"uv": [0, 0, 0.75, 0.25], "texture": "#0"},
				"down": {"uv": [4, 0.75, 4.75, 1], "texture": "#0"}
			}
		},
		{
			"from": [8.5, 10, 7.575],
			"to": [10, 10.5, 8.175],
			"faces": {
				"north": {"uv": [2.75, 1.25, 3.5, 1.5], "texture": "#0"},
				"east": {"uv": [3.25, 1.25, 3.5, 1.5], "texture": "#0"},
				"south": {"uv": [2.75, 1.25, 3.5, 1.5], "texture": "#0"},
				"west": {"uv": [0, 0, 0.25, 0.25], "texture": "#0"},
				"up": {"uv": [0, 0, 0.75, 0.25], "texture": "#0"},
				"down": {"uv": [2.75, 1.25, 3.5, 1.5], "texture": "#0"}
			}
		},
		{
			"from": [10, 10.5, 7.575],
			"to": [11, 11, 8.175],
			"faces": {
				"north": {"uv": [3.5, 1, 4, 1.25], "texture": "#0"},
				"east": {"uv": [3.75, 1, 4, 1.25], "texture": "#0"},
				"south": {"uv": [3.5, 1, 4, 1.25], "texture": "#0"},
				"west": {"uv": [0, 0, 0.25, 0.25], "texture": "#0"},
				"up": {"uv": [0, 0, 0.5, 0.25], "texture": "#0"},
				"down": {"uv": [3.5, 1, 4, 1.25], "texture": "#0"}
			}
		},
		{
			"from": [8.5, 11, 7.575],
			"to": [9.5, 11.5, 8.175],
			"faces": {
				"north": {"uv": [2.75, 0.75, 3.25, 1], "texture": "#0"},
				"east": {"uv": [0, 0, 0.25, 0.25], "texture": "#0"},
				"south": {"uv": [2.75, 0.75, 3.25, 1], "texture": "#0"},
				"west": {"uv": [2.75, 0.75, 3, 1], "texture": "#0"},
				"up": {"uv": [2.75, 0.75, 3.25, 1], "texture": "#0"},
				"down": {"uv": [0, 0, 0.5, 0.25], "texture": "#0"}
			}
		},
		{
			"from": [12, 12, 7.575],
			"to": [13, 12.5, 8.175],
			"faces": {
				"north": {"uv": [4.5, 0.25, 5, 0.5], "texture": "#0"},
				"east": {"uv": [4.75, 0.25, 5, 0.5], "texture": "#0"},
				"south": {"uv": [4.5, 0.25, 5, 0.5], "texture": "#0"},
				"west": {"uv": [4.5, 0.25, 4.75, 0.5], "texture": "#0"},
				"up": {"uv": [4.5, 0.25, 5, 0.5], "texture": "#0"},
				"down": {"uv": [0, 0, 0.5, 0.25], "texture": "#0"}
			}
		},
		{
			"from": [10.5, 11.5, 7.575],
			"to": [12.5, 12, 8.175],
			"faces": {
				"north": {"uv": [3.75, 0.5, 4.75, 0.75], "texture": "#0"},
				"east": {"uv": [0, 0, 0.25, 0.25], "texture": "#0"},
				"south": {"uv": [3.75, 0.5, 4.75, 0.75], "texture": "#0"},
				"west": {"uv": [3.75, 0.5, 4, 0.75], "texture": "#0"},
				"up": {"uv": [3.75, 0.5, 4.75, 0.75], "texture": "#0"},
				"down": {"uv": [0, 0, 1, 0.25], "texture": "#0"}
			}
		},
		{
			"from": [8, 9.5, 7.575],
			"to": [8.5, 10, 8.175],
			"faces": {
				"north": {"uv": [2.5, 1.5, 2.75, 1.75], "texture": "#0"},
				"east": {"uv": [2.5, 1.5, 2.75, 1.75], "texture": "#0"},
				"south": {"uv": [2.5, 1.5, 2.75, 1.75], "texture": "#0"},
				"west": {"uv": [0, 0, 0.25, 0.25], "texture": "#0"},
				"up": {"uv": [0, 0, 0.25, 0.25], "texture": "#0"},
				"down": {"uv": [2.5, 1.5, 2.75, 1.75], "texture": "#0"}
			}
		},
		{
			"from": [7.5, 9, 7.575],
			"to": [8, 9.5, 8.175],
			"faces": {
				"north": {"uv": [2.25, 1.75, 2.5, 2], "texture": "#0"},
				"east": {"uv": [2.25, 1.75, 2.5, 2], "texture": "#0"},
				"south": {"uv": [2.25, 1.75, 2.5, 2], "texture": "#0"},
				"west": {"uv": [0, 0, 0.25, 0.25], "texture": "#0"},
				"up": {"uv": [0, 0, 0.25, 0.25], "texture": "#0"},
				"down": {"uv": [2.25, 1.75, 2.5, 2], "texture": "#0"}
			}
		},
		{
			"from": [7, 8.5, 7.575],
			"to": [7.5, 9, 8.175],
			"faces": {
				"north": {"uv": [2, 2, 2.25, 2.25], "texture": "#0"},
				"east": {"uv": [2, 2, 2.25, 2.25], "texture": "#0"},
				"south": {"uv": [2, 2, 2.25, 2.25], "texture": "#0"},
				"west": {"uv": [0, 0, 0.25, 0.25], "texture": "#0"},
				"up": {"uv": [0, 0, 0.25, 0.25], "texture": "#0"},
				"down": {"uv": [2, 2, 2.25, 2.25], "texture": "#0"}
			}
		},
		{
			"from": [6.5, 8, 7.575],
			"to": [7, 8.5, 8.175],
			"faces": {
				"north": {"uv": [1.75, 2.25, 2, 2.5], "texture": "#0"},
				"east": {"uv": [1.75, 2.25, 2, 2.5], "texture": "#0"},
				"south": {"uv": [1.75, 2.25, 2, 2.5], "texture": "#0"},
				"west": {"uv": [0, 0, 0.25, 0.25], "texture": "#0"},
				"up": {"uv": [0, 0, 0.25, 0.25], "texture": "#0"},
				"down": {"uv": [1.75, 2.25, 2, 2.5], "texture": "#0"}
			}
		},
		{
			"from": [11.925, 8.15, 8.175],
			"to": [12.25, 8.475, 8.425],
			"faces": {
				"north": {"uv": [7.5, 7, 8, 7.5], "texture": "#1"},
				"east": {"uv": [7.5, 7, 8, 7.5], "texture": "#1"},
				"south": {"uv": [7.5, 7, 8, 7.5], "texture": "#1"},
				"west": {"uv": [0, 0, 0.125, 0.1625], "texture": "#missing"},
				"up": {"uv": [7.5, 7, 8, 7.5], "texture": "#1"},
				"down": {"uv": [7.5, 7, 8, 7.5], "texture": "#1"}
			}
		},
		{
			"from": [11.6, 8.475, 8.175],
			"to": [11.925, 8.8, 8.425],
			"faces": {
				"north": {"uv": [7, 6.5, 7.5, 7], "texture": "#1"},
				"east": {"uv": [7, 6.5, 7.5, 7], "texture": "#1"},
				"south": {"uv": [7, 6.5, 7.5, 7], "texture": "#1"},
				"west": {"uv": [0, 0, 0.125, 0.1625], "texture": "#missing"},
				"up": {"uv": [0, 0, 0.1625, 0.125], "texture": "#missing"},
				"down": {"uv": [0, 0, 0.1625, 0.125], "texture": "#missing"}
			}
		},
		{
			"from": [11.6, 8.8, 8.175],
			"to": [11.925, 9.125, 8.425],
			"faces": {
				"north": {"uv": [7, 6, 7.5, 6.5], "texture": "#1"},
				"east": {"uv": [0, 0, 0.125, 0.1625], "texture": "#missing"},
				"south": {"uv": [7, 6, 7.5, 6.5], "texture": "#1"},
				"west": {"uv": [0, 0, 0.125, 0.1625], "texture": "#missing"},
				"up": {"uv": [7, 6, 7.5, 6.5], "texture": "#1"},
				"down": {"uv": [0, 0, 0.1625, 0.125], "texture": "#missing"}
			}
		},
		{
			"from": [11.925, 8.8, 8.175],
			"to": [12.25, 9.125, 8.425],
			"faces": {
				"north": {"uv": [7.5, 6, 8, 6.5], "texture": "#1"},
				"east": {"uv": [7.5, 6, 8, 6.5], "texture": "#1"},
				"south": {"uv": [7.5, 6, 8, 6.5], "texture": "#1"},
				"west": {"uv": [0, 0, 0.125, 0.1625], "texture": "#missing"},
				"up": {"uv": [7.5, 6, 8, 6.5], "texture": "#1"},
				"down": {"uv": [7.5, 6, 8, 6.5], "texture": "#1"}
			}
		},
		{
			"from": [11.275, 8.8, 8.175],
			"to": [11.6, 9.125, 8.425],
			"faces": {
				"north": {"uv": [6.5, 6, 7, 6.5], "texture": "#1"},
				"east": {"uv": [0, 0, 0.125, 0.1625], "texture": "#missing"},
				"south": {"uv": [6.5, 6, 7, 6.5], "texture": "#1"},
				"west": {"uv": [0, 0, 0.125, 0.1625], "texture": "#missing"},
				"up": {"uv": [6.5, 6, 7, 6.5], "texture": "#1"},
				"down": {"uv": [0, 0, 0.1625, 0.125], "texture": "#missing"}
			}
		},
		{
			"from": [11.275, 8.475, 8.175],
			"to": [11.6, 8.8, 8.425],
			"faces": {
				"north": {"uv": [6.5, 6.5, 7, 7], "texture": "#1"},
				"east": {"uv": [0, 0, 0.125, 0.1625], "texture": "#missing"},
				"south": {"uv": [6.5, 6.5, 7, 7], "texture": "#1"},
				"west": {"uv": [0, 0, 0.125, 0.1625], "texture": "#missing"},
				"up": {"uv": [0, 0, 0.1625, 0.125], "texture": "#missing"},
				"down": {"uv": [0, 0, 0.1625, 0.125], "texture": "#missing"}
			}
		},
		{
			"from": [11.275, 8.15, 8.175],
			"to": [11.6, 8.475, 8.425],
			"faces": {
				"north": {"uv": [6.5, 7, 7, 7.5], "texture": "#1"},
				"east": {"uv": [0, 0, 0.125, 0.1625], "texture": "#missing"},
				"south": {"uv": [6.5, 7, 7, 7.5], "texture": "#1"},
				"west": {"uv": [0, 0, 0.125, 0.1625], "texture": "#missing"},
				"up": {"uv": [0, 0, 0.1625, 0.125], "texture": "#missing"},
				"down": {"uv": [6.5, 7, 7, 7.5], "texture": "#1"}
			}
		},
		{
			"from": [10.95, 8.15, 8.175],
			"to": [11.275, 8.475, 8.425],
			"faces": {
				"north": {"uv": [6, 7, 6.5, 7.5], "texture": "#1"},
				"east": {"uv": [0, 0, 0.125, 0.1625], "texture": "#missing"},
				"south": {"uv": [6, 7, 6.5, 7.5], "texture": "#1"},
				"west": {"uv": [6, 7, 6.5, 7.5], "texture": "#1"},
				"up": {"uv": [0, 0, 0.1625, 0.125], "texture": "#missing"},
				"down": {"uv": [0, 0, 0.1625, 0.125], "texture": "#missing"}
			}
		},
		{
			"from": [10.95, 8.475, 8.175],
			"to": [11.275, 8.8, 8.425],
			"faces": {
				"north": {"uv": [6, 6.5, 6.5, 7], "texture": "#1"},
				"east": {"uv": [0, 0, 0.125, 0.1625], "texture": "#missing"},
				"south": {"uv": [6, 6.5, 6.5, 7], "texture": "#1"},
				"west": {"uv": [6, 6.5, 6.5, 7], "texture": "#1"},
				"up": {"uv": [0, 0, 0.1625, 0.125], "texture": "#missing"},
				"down": {"uv": [0, 0, 0.1625, 0.125], "texture": "#missing"}
			}
		},
		{
			"from": [10.7878, 8.9625, 8.1751],
			"to": [11.1128, 9.2875, 8.4249],
			"faces": {
				"north": {"uv": [6, 5.75, 6.25, 6], "texture": "#1"},
				"east": {"uv": [6, 5.75, 6.25, 6], "texture": "#1"},
				"south": {"uv": [6, 5.75, 6.25, 6], "texture": "#1"},
				"west": {"uv": [6, 5.75, 6.25, 6], "texture": "#1"},
				"up": {"uv": [6, 5.75, 6.25, 6], "texture": "#1"},
				"down": {"uv": [6, 5.75, 6.25, 6], "texture": "#1"}
			}
		},
		{
			"from": [10.1378, 9.6125, 8.1751],
			"to": [10.4628, 9.9375, 8.4249],
			"faces": {
				"north": {"uv": [5, 4.75, 5.25, 5], "texture": "#1"},
				"east": {"uv": [5, 4.75, 5.25, 5], "texture": "#1"},
				"south": {"uv": [5, 4.75, 5.25, 5], "texture": "#1"},
				"west": {"uv": [5, 4.75, 5.25, 5], "texture": "#1"},
				"up": {"uv": [5, 4.75, 5.25, 5], "texture": "#1"},
				"down": {"uv": [5, 4.75, 5.25, 5], "texture": "#1"}
			}
		},
		{
			"from": [9.4878, 10.2625, 8.1751],
			"to": [9.8128, 10.5875, 8.4249],
			"faces": {
				"north": {"uv": [4, 3.75, 4.25, 4], "texture": "#1"},
				"east": {"uv": [4, 3.75, 4.25, 4], "texture": "#1"},
				"south": {"uv": [4, 3.75, 4.25, 4], "texture": "#1"},
				"west": {"uv": [4, 3.75, 4.25, 4], "texture": "#1"},
				"up": {"uv": [4, 3.75, 4.25, 4], "texture": "#1"},
				"down": {"uv": [4, 3.75, 4.25, 4], "texture": "#1"}
			}
		},
		{
			"from": [8.8378, 10.9125, 8.1751],
			"to": [9.1628, 11.2375, 8.4249],
			"faces": {
				"north": {"uv": [3, 2.75, 3.25, 3], "texture": "#1"},
				"east": {"uv": [3, 2.75, 3.25, 3], "texture": "#1"},
				"south": {"uv": [3, 2.75, 3.25, 3], "texture": "#1"},
				"west": {"uv": [3, 2.75, 3.25, 3], "texture": "#1"},
				"up": {"uv": [3, 2.75, 3.25, 3], "texture": "#1"},
				"down": {"uv": [3, 2.75, 3.25, 3], "texture": "#1"}
			}
		},
		{
			"from": [10.4628, 9.2875, 8.1751],
			"to": [10.7878, 9.6125, 8.4249],
			"faces": {
				"north": {"uv": [5.5, 5.25, 5.75, 5.5], "texture": "#1"},
				"east": {"uv": [5.5, 5.25, 5.75, 5.5], "texture": "#1"},
				"south": {"uv": [5.5, 5.25, 5.75, 5.5], "texture": "#1"},
				"west": {"uv": [5.5, 5.25, 5.75, 5.5], "texture": "#1"},
				"up": {"uv": [5.5, 5.25, 5.75, 5.5], "texture": "#1"},
				"down": {"uv": [5.5, 5.25, 5.75, 5.5], "texture": "#1"}
			}
		},
		{
			"from": [9.8128, 9.9375, 8.1751],
			"to": [10.1378, 10.2625, 8.4249],
			"faces": {
				"north": {"uv": [4.5, 4.25, 4.75, 4.5], "texture": "#1"},
				"east": {"uv": [4.5, 4.25, 4.75, 4.5], "texture": "#1"},
				"south": {"uv": [4.5, 4.25, 4.75, 4.5], "texture": "#1"},
				"west": {"uv": [4.5, 4.25, 4.75, 4.5], "texture": "#1"},
				"up": {"uv": [4.5, 4.25, 4.75, 4.5], "texture": "#1"},
				"down": {"uv": [4.5, 4.25, 4.75, 4.5], "texture": "#1"}
			}
		},
		{
			"from": [9.1628, 10.5875, 8.1751],
			"to": [9.4878, 10.9125, 8.4249],
			"faces": {
				"north": {"uv": [3.5, 3.25, 3.75, 3.5], "texture": "#1"},
				"east": {"uv": [3.5, 3.25, 3.75, 3.5], "texture": "#1"},
				"south": {"uv": [3.5, 3.25, 3.75, 3.5], "texture": "#1"},
				"west": {"uv": [3.5, 3.25, 3.75, 3.5], "texture": "#1"},
				"up": {"uv": [3.5, 3.25, 3.75, 3.5], "texture": "#1"},
				"down": {"uv": [3.5, 3.25, 3.75, 3.5], "texture": "#1"}
			}
		},
		{
			"from": [8.5128, 11.2375, 8.1751],
			"to": [8.8378, 11.5625, 8.4249],
			"faces": {
				"north": {"uv": [2.5, 2.25, 2.75, 2.5], "texture": "#1"},
				"east": {"uv": [2.5, 2.25, 2.75, 2.5], "texture": "#1"},
				"south": {"uv": [2.5, 2.25, 2.75, 2.5], "texture": "#1"},
				"west": {"uv": [2.5, 2.25, 2.75, 2.5], "texture": "#1"},
				"up": {"uv": [2.5, 2.25, 2.75, 2.5], "texture": "#1"},
				"down": {"uv": [2.5, 2.25, 2.75, 2.5], "texture": "#1"}
			}
		},
		{
			"from": [10.95, 8.8, 8.175],
			"to": [11.275, 9.125, 8.425],
			"faces": {
				"north": {"uv": [6, 6, 6.5, 6.5], "texture": "#1"},
				"east": {"uv": [0, 0, 0.125, 0.1625], "texture": "#missing"},
				"south": {"uv": [6, 6, 6.5, 6.5], "texture": "#1"},
				"west": {"uv": [6, 6, 6.5, 6.5], "texture": "#1"},
				"up": {"uv": [6, 6, 6.5, 6.5], "texture": "#1"},
				"down": {"uv": [0, 0, 0.1625, 0.125], "texture": "#missing"}
			}
		},
		{
			"from": [10.625, 9.125, 8.175],
			"to": [10.95, 9.45, 8.425],
			"faces": {
				"north": {"uv": [5.5, 5.5, 6, 6], "texture": "#1"},
				"east": {"uv": [5.5, 5.5, 6, 6], "texture": "#1"},
				"south": {"uv": [5.5, 5.5, 6, 6], "texture": "#1"},
				"west": {"uv": [5.5, 5.5, 6, 6], "texture": "#1"},
				"up": {"uv": [5.5, 5.5, 6, 6], "texture": "#1"},
				"down": {"uv": [5.5, 5.5, 6, 6], "texture": "#1"}
			}
		},
		{
			"from": [9.975, 9.775, 8.175],
			"to": [10.3, 10.1, 8.425],
			"faces": {
				"north": {"uv": [4.5, 4.5, 5, 5], "texture": "#1"},
				"east": {"uv": [4.5, 4.5, 5, 5], "texture": "#1"},
				"south": {"uv": [4.5, 4.5, 5, 5], "texture": "#1"},
				"west": {"uv": [4.5, 4.5, 5, 5], "texture": "#1"},
				"up": {"uv": [4.5, 4.5, 5, 5], "texture": "#1"},
				"down": {"uv": [4.5, 4.5, 5, 5], "texture": "#1"}
			}
		},
		{
			"from": [9.325, 10.425, 8.175],
			"to": [9.65, 10.75, 8.425],
			"faces": {
				"north": {"uv": [3.5, 3.5, 4, 4], "texture": "#1"},
				"east": {"uv": [3.5, 3.5, 4, 4], "texture": "#1"},
				"south": {"uv": [3.5, 3.5, 4, 4], "texture": "#1"},
				"west": {"uv": [3.5, 3.5, 4, 4], "texture": "#1"},
				"up": {"uv": [3.5, 3.5, 4, 4], "texture": "#1"},
				"down": {"uv": [3.5, 3.5, 4, 4], "texture": "#1"}
			}
		},
		{
			"from": [8.675, 11.075, 8.175],
			"to": [9, 11.4, 8.425],
			"faces": {
				"north": {"uv": [2.5, 2.5, 3, 3], "texture": "#1"},
				"east": {"uv": [2.5, 2.5, 3, 3], "texture": "#1"},
				"south": {"uv": [2.5, 2.5, 3, 3], "texture": "#1"},
				"west": {"uv": [2.5, 2.5, 3, 3], "texture": "#1"},
				"up": {"uv": [2.5, 2.5, 3, 3], "texture": "#1"},
				"down": {"uv": [2.5, 2.5, 3, 3], "texture": "#1"}
			}
		},
		{
			"from": [10.3, 9.45, 8.175],
			"to": [10.625, 9.775, 8.425],
			"faces": {
				"north": {"uv": [5, 5, 5.5, 5.5], "texture": "#1"},
				"east": {"uv": [5, 5, 5.5, 5.5], "texture": "#1"},
				"south": {"uv": [5, 5, 5.5, 5.5], "texture": "#1"},
				"west": {"uv": [5, 5, 5.5, 5.5], "texture": "#1"},
				"up": {"uv": [5, 5, 5.5, 5.5], "texture": "#1"},
				"down": {"uv": [5, 5, 5.5, 5.5], "texture": "#1"}
			}
		},
		{
			"from": [9.65, 10.1, 8.175],
			"to": [9.975, 10.425, 8.425],
			"faces": {
				"north": {"uv": [4, 4, 4.5, 4.5], "texture": "#1"},
				"east": {"uv": [4, 4, 4.5, 4.5], "texture": "#1"},
				"south": {"uv": [4, 4, 4.5, 4.5], "texture": "#1"},
				"west": {"uv": [4, 4, 4.5, 4.5], "texture": "#1"},
				"up": {"uv": [4, 4, 4.5, 4.5], "texture": "#1"},
				"down": {"uv": [4, 4, 4.5, 4.5], "texture": "#1"}
			}
		},
		{
			"from": [9, 10.75, 8.175],
			"to": [9.325, 11.075, 8.425],
			"faces": {
				"north": {"uv": [3, 3, 3.5, 3.5], "texture": "#1"},
				"east": {"uv": [3, 3, 3.5, 3.5], "texture": "#1"},
				"south": {"uv": [3, 3, 3.5, 3.5], "texture": "#1"},
				"west": {"uv": [3, 3, 3.5, 3.5], "texture": "#1"},
				"up": {"uv": [3, 3, 3.5, 3.5], "texture": "#1"},
				"down": {"uv": [3, 3, 3.5, 3.5], "texture": "#1"}
			}
		},
		{
			"from": [8.35, 11.4, 8.175],
			"to": [8.675, 11.725, 8.425],
			"faces": {
				"north": {"uv": [2, 2, 2.5, 2.5], "texture": "#1"},
				"east": {"uv": [2, 2, 2.5, 2.5], "texture": "#1"},
				"south": {"uv": [2, 2, 2.5, 2.5], "texture": "#1"},
				"west": {"uv": [0, 0, 0.125, 0.1625], "texture": "#missing"},
				"up": {"uv": [0, 0, 0.1625, 0.125], "texture": "#missing"},
				"down": {"uv": [2, 2, 2.5, 2.5], "texture": "#1"}
			}
		},
		{
			"from": [8.025, 11.725, 8.175],
			"to": [8.35, 12.05, 8.425],
			"faces": {
				"north": {"uv": [1.5, 1.5, 2, 2], "texture": "#1"},
				"east": {"uv": [0, 0, 0.125, 0.1625], "texture": "#missing"},
				"south": {"uv": [1.5, 1.5, 2, 2], "texture": "#1"},
				"west": {"uv": [0, 0, 0.125, 0.1625], "texture": "#missing"},
				"up": {"uv": [0, 0, 0.1625, 0.125], "texture": "#missing"},
				"down": {"uv": [0, 0, 0.1625, 0.125], "texture": "#missing"}
			}
		},
		{
			"from": [8.025, 11.4, 8.175],
			"to": [8.35, 11.725, 8.425],
			"faces": {
				"north": {"uv": [1.5, 2, 2, 2.5], "texture": "#1"},
				"east": {"uv": [0, 0, 0.125, 0.1625], "texture": "#missing"},
				"south": {"uv": [1.5, 2, 2, 2.5], "texture": "#1"},
				"west": {"uv": [0, 0, 0.125, 0.1625], "texture": "#missing"},
				"up": {"uv": [0, 0, 0.1625, 0.125], "texture": "#missing"},
				"down": {"uv": [0, 0, 0.1625, 0.125], "texture": "#missing"}
			}
		},
		{
			"from": [7.7, 11.4, 8.175],
			"to": [8.025, 11.725, 8.425],
			"faces": {
				"north": {"uv": [1, 2, 1.5, 2.5], "texture": "#1"},
				"east": {"uv": [0, 0, 0.125, 0.1625], "texture": "#missing"},
				"south": {"uv": [1, 2, 1.5, 2.5], "texture": "#1"},
				"west": {"uv": [1, 2, 1.5, 2.5], "texture": "#1"},
				"up": {"uv": [0, 0, 0.1625, 0.125], "texture": "#missing"},
				"down": {"uv": [1, 2, 1.5, 2.5], "texture": "#1"}
			}
		},
		{
			"from": [7.7, 11.725, 8.175],
			"to": [8.025, 12.05, 8.425],
			"faces": {
				"north": {"uv": [1, 1.5, 1.5, 2], "texture": "#1"},
				"east": {"uv": [0, 0, 0.125, 0.1625], "texture": "#missing"},
				"south": {"uv": [1, 1.5, 1.5, 2], "texture": "#1"},
				"west": {"uv": [1, 1.5, 1.5, 2], "texture": "#1"},
				"up": {"uv": [0, 0, 0.1625, 0.125], "texture": "#missing"},
				"down": {"uv": [0, 0, 0.1625, 0.125], "texture": "#missing"}
			}
		},
		{
			"from": [7.7, 12.05, 8.175],
			"to": [8.025, 12.375, 8.425],
			"faces": {
				"north": {"uv": [1, 1, 1.5, 1.5], "texture": "#1"},
				"east": {"uv": [0, 0, 0.125, 0.1625], "texture": "#missing"},
				"south": {"uv": [1, 1, 1.5, 1.5], "texture": "#1"},
				"west": {"uv": [1, 1, 1.5, 1.5], "texture": "#1"},
				"up": {"uv": [1, 1, 1.5, 1.5], "texture": "#1"},
				"down": {"uv": [0, 0, 0.1625, 0.125], "texture": "#missing"}
			}
		},
		{
			"from": [8.025, 12.05, 8.175],
			"to": [8.35, 12.375, 8.425],
			"faces": {
				"north": {"uv": [1.5, 1, 2, 1.5], "texture": "#1"},
				"east": {"uv": [0, 0, 0.125, 0.1625], "texture": "#missing"},
				"south": {"uv": [1.5, 1, 2, 1.5], "texture": "#1"},
				"west": {"uv": [0, 0, 0.125, 0.1625], "texture": "#missing"},
				"up": {"uv": [1.5, 1, 2, 1.5], "texture": "#1"},
				"down": {"uv": [0, 0, 0.1625, 0.125], "texture": "#missing"}
			}
		},
		{
			"from": [8.35, 12.05, 8.175],
			"to": [8.675, 12.375, 8.425],
			"faces": {
				"north": {"uv": [2, 1, 2.5, 1.5], "texture": "#1"},
				"east": {"uv": [2, 1, 2.5, 1.5], "texture": "#1"},
				"south": {"uv": [2, 1, 2.5, 1.5], "texture": "#1"},
				"west": {"uv": [0, 0, 0.125, 0.1625], "texture": "#missing"},
				"up": {"uv": [2, 1, 2.5, 1.5], "texture": "#1"},
				"down": {"uv": [0, 0, 0.1625, 0.125], "texture": "#missing"}
			}
		},
		{
			"from": [8.025, 11.075, 8.175],
			"to": [8.35, 11.4, 8.425],
			"faces": {
				"north": {"uv": [1.5, 2.5, 2, 3], "texture": "#1"},
				"east": {"uv": [1.5, 2.5, 2, 3], "texture": "#1"},
				"south": {"uv": [1.5, 2.5, 2, 3], "texture": "#1"},
				"west": {"uv": [1.5, 2.5, 2, 3], "texture": "#1"},
				"up": {"uv": [0, 0, 0.1625, 0.125], "texture": "#missing"},
				"down": {"uv": [1.5, 2.5, 2, 3], "texture": "#1"}
			}
		},
		{
			"from": [8.35, 11.725, 8.175],
			"to": [8.675, 12.05, 8.425],
			"faces": {
				"north": {"uv": [2, 1.5, 2.5, 2], "texture": "#1"},
				"east": {"uv": [0, 0, 0.125, 0.1625], "texture": "#missing"},
				"south": {"uv": [2, 1.5, 2.5, 2], "texture": "#1"},
				"west": {"uv": [0, 0, 0.125, 0.1625], "texture": "#missing"},
				"up": {"uv": [0, 0, 0.1625, 0.125], "texture": "#missing"},
				"down": {"uv": [0, 0, 0.1625, 0.125], "texture": "#missing"}
			}
		},
		{
			"from": [8.675, 11.725, 8.175],
			"to": [9, 12.05, 8.425],
			"faces": {
				"north": {"uv": [2.5, 1.5, 3, 2], "texture": "#1"},
				"east": {"uv": [2.5, 1.5, 3, 2], "texture": "#1"},
				"south": {"uv": [2.5, 1.5, 3, 2], "texture": "#1"},
				"west": {"uv": [0, 0, 0.125, 0.1625], "texture": "#missing"},
				"up": {"uv": [2.5, 1.5, 3, 2], "texture": "#1"},
				"down": {"uv": [2.5, 1.5, 3, 2], "texture": "#1"}
			}
		},
		{
			"from": [10.95, 7.825, 8.175],
			"to": [11.275, 8.15, 8.425],
			"faces": {
				"north": {"uv": [6, 7.5, 6.5, 8], "texture": "#1"},
				"east": {"uv": [6, 7.5, 6.5, 8], "texture": "#1"},
				"south": {"uv": [6, 7.5, 6.5, 8], "texture": "#1"},
				"west": {"uv": [6, 7.5, 6.5, 8], "texture": "#1"},
				"up": {"uv": [0, 0, 0.1625, 0.125], "texture": "#missing"},
				"down": {"uv": [6, 7.5, 6.5, 8], "texture": "#1"}
			}
		},
		{
			"from": [11.6, 7.825, 8.175],
			"to": [11.925, 8.15, 8.425],
			"faces": {
				"north": {"uv": [7, 7.5, 7.5, 8], "texture": "#1"},
				"east": {"uv": [7, 7.5, 7.5, 8], "texture": "#1"},
				"south": {"uv": [7, 7.5, 7.5, 8], "texture": "#1"},
				"west": {"uv": [7, 7.5, 7.5, 8], "texture": "#1"},
				"up": {"uv": [0, 0, 0.1625, 0.125], "texture": "#missing"},
				"down": {"uv": [7, 7.5, 7.5, 8], "texture": "#1"}
			}
		},
		{
			"from": [11.6, 8.15, 8.175],
			"to": [11.925, 8.475, 8.425],
			"faces": {
				"north": {"uv": [7, 7, 7.5, 7.5], "texture": "#1"},
				"east": {"uv": [0, 0, 0.125, 0.1625], "texture": "#missing"},
				"south": {"uv": [7, 7, 7.5, 7.5], "texture": "#1"},
				"west": {"uv": [0, 0, 0.125, 0.1625], "texture": "#missing"},
				"up": {"uv": [0, 0, 0.1625, 0.125], "texture": "#missing"},
				"down": {"uv": [0, 0, 0.1625, 0.125], "texture": "#missing"}
			}
		},
		{
			"from": [8.675, 6.85, 8.175],
			"to": [9, 7.175, 8.425],
			"faces": {
				"north": {"uv": [7.5, 7, 8, 7.5], "texture": "#1"},
				"east": {"uv": [7.5, 7, 8, 7.5], "texture": "#1"},
				"south": {"uv": [7.5, 7, 8, 7.5], "texture": "#1"},
				"west": {"uv": [0, 0, 0.125, 0.1625], "texture": "#missing"},
				"up": {"uv": [7.5, 7, 8, 7.5], "texture": "#1"},
				"down": {"uv": [7.5, 7, 8, 7.5], "texture": "#1"}
			}
		},
		{
			"from": [8.35, 7.175, 8.175],
			"to": [8.675, 7.5, 8.425],
			"faces": {
				"north": {"uv": [7, 6.5, 7.5, 7], "texture": "#1"},
				"east": {"uv": [7, 6.5, 7.5, 7], "texture": "#1"},
				"south": {"uv": [7, 6.5, 7.5, 7], "texture": "#1"},
				"west": {"uv": [0, 0, 0.125, 0.1625], "texture": "#missing"},
				"up": {"uv": [0, 0, 0.1625, 0.125], "texture": "#missing"},
				"down": {"uv": [0, 0, 0.1625, 0.125], "texture": "#missing"}
			}
		},
		{
			"from": [8.35, 7.5, 8.175],
			"to": [8.675, 7.825, 8.425],
			"faces": {
				"north": {"uv": [7, 6, 7.5, 6.5], "texture": "#1"},
				"east": {"uv": [0, 0, 0.125, 0.1625], "texture": "#missing"},
				"south": {"uv": [7, 6, 7.5, 6.5], "texture": "#1"},
				"west": {"uv": [0, 0, 0.125, 0.1625], "texture": "#missing"},
				"up": {"uv": [7, 6, 7.5, 6.5], "texture": "#1"},
				"down": {"uv": [0, 0, 0.1625, 0.125], "texture": "#missing"}
			}
		},
		{
			"from": [8.675, 7.5, 8.175],
			"to": [9, 7.825, 8.425],
			"faces": {
				"north": {"uv": [7.5, 6, 8, 6.5], "texture": "#1"},
				"east": {"uv": [7.5, 6, 8, 6.5], "texture": "#1"},
				"south": {"uv": [7.5, 6, 8, 6.5], "texture": "#1"},
				"west": {"uv": [0, 0, 0.125, 0.1625], "texture": "#missing"},
				"up": {"uv": [7.5, 6, 8, 6.5], "texture": "#1"},
				"down": {"uv": [7.5, 6, 8, 6.5], "texture": "#1"}
			}
		},
		{
			"from": [8.025, 7.5, 8.175],
			"to": [8.35, 7.825, 8.425],
			"faces": {
				"north": {"uv": [6.5, 6, 7, 6.5], "texture": "#1"},
				"east": {"uv": [0, 0, 0.125, 0.1625], "texture": "#missing"},
				"south": {"uv": [6.5, 6, 7, 6.5], "texture": "#1"},
				"west": {"uv": [0, 0, 0.125, 0.1625], "texture": "#missing"},
				"up": {"uv": [6.5, 6, 7, 6.5], "texture": "#1"},
				"down": {"uv": [0, 0, 0.1625, 0.125], "texture": "#missing"}
			}
		},
		{
			"from": [8.025, 7.175, 8.175],
			"to": [8.35, 7.5, 8.425],
			"faces": {
				"north": {"uv": [6.5, 6.5, 7, 7], "texture": "#1"},
				"east": {"uv": [0, 0, 0.125, 0.1625], "texture": "#missing"},
				"south": {"uv": [6.5, 6.5, 7, 7], "texture": "#1"},
				"west": {"uv": [0, 0, 0.125, 0.1625], "texture": "#missing"},
				"up": {"uv": [0, 0, 0.1625, 0.125], "texture": "#missing"},
				"down": {"uv": [0, 0, 0.1625, 0.125], "texture": "#missing"}
			}
		},
		{
			"from": [8.025, 6.85, 8.175],
			"to": [8.35, 7.175, 8.425],
			"faces": {
				"north": {"uv": [6.5, 7, 7, 7.5], "texture": "#1"},
				"east": {"uv": [0, 0, 0.125, 0.1625], "texture": "#missing"},
				"south": {"uv": [6.5, 7, 7, 7.5], "texture": "#1"},
				"west": {"uv": [0, 0, 0.125, 0.1625], "texture": "#missing"},
				"up": {"uv": [0, 0, 0.1625, 0.125], "texture": "#missing"},
				"down": {"uv": [6.5, 7, 7, 7.5], "texture": "#1"}
			}
		},
		{
			"from": [7.7, 6.85, 8.175],
			"to": [8.025, 7.175, 8.425],
			"faces": {
				"north": {"uv": [6, 7, 6.5, 7.5], "texture": "#1"},
				"east": {"uv": [0, 0, 0.125, 0.1625], "texture": "#missing"},
				"south": {"uv": [6, 7, 6.5, 7.5], "texture": "#1"},
				"west": {"uv": [6, 7, 6.5, 7.5], "texture": "#1"},
				"up": {"uv": [0, 0, 0.1625, 0.125], "texture": "#missing"},
				"down": {"uv": [0, 0, 0.1625, 0.125], "texture": "#missing"}
			}
		},
		{
			"from": [7.7, 7.175, 8.175],
			"to": [8.025, 7.5, 8.425],
			"faces": {
				"north": {"uv": [6, 6.5, 6.5, 7], "texture": "#1"},
				"east": {"uv": [0, 0, 0.125, 0.1625], "texture": "#missing"},
				"south": {"uv": [6, 6.5, 6.5, 7], "texture": "#1"},
				"west": {"uv": [6, 6.5, 6.5, 7], "texture": "#1"},
				"up": {"uv": [0, 0, 0.1625, 0.125], "texture": "#missing"},
				"down": {"uv": [0, 0, 0.1625, 0.125], "texture": "#missing"}
			}
		},
		{
			"from": [7.5378, 7.6625, 8.1751],
			"to": [7.8628, 7.9875, 8.4249],
			"faces": {
				"north": {"uv": [6, 5.75, 6.25, 6], "texture": "#1"},
				"east": {"uv": [6, 5.75, 6.25, 6], "texture": "#1"},
				"south": {"uv": [6, 5.75, 6.25, 6], "texture": "#1"},
				"west": {"uv": [6, 5.75, 6.25, 6], "texture": "#1"},
				"up": {"uv": [6, 5.75, 6.25, 6], "texture": "#1"},
				"down": {"uv": [6, 5.75, 6.25, 6], "texture": "#1"}
			}
		},
		{
			"from": [6.8878, 8.3125, 8.1751],
			"to": [7.2128, 8.6375, 8.4249],
			"faces": {
				"north": {"uv": [5, 4.75, 5.25, 5], "texture": "#1"},
				"east": {"uv": [5, 4.75, 5.25, 5], "texture": "#1"},
				"south": {"uv": [5, 4.75, 5.25, 5], "texture": "#1"},
				"west": {"uv": [5, 4.75, 5.25, 5], "texture": "#1"},
				"up": {"uv": [5, 4.75, 5.25, 5], "texture": "#1"},
				"down": {"uv": [5, 4.75, 5.25, 5], "texture": "#1"}
			}
		},
		{
			"from": [6.2378, 8.9625, 8.1751],
			"to": [6.5628, 9.2875, 8.4249],
			"faces": {
				"north": {"uv": [4, 3.75, 4.25, 4], "texture": "#1"},
				"east": {"uv": [4, 3.75, 4.25, 4], "texture": "#1"},
				"south": {"uv": [4, 3.75, 4.25, 4], "texture": "#1"},
				"west": {"uv": [4, 3.75, 4.25, 4], "texture": "#1"},
				"up": {"uv": [4, 3.75, 4.25, 4], "texture": "#1"},
				"down": {"uv": [4, 3.75, 4.25, 4], "texture": "#1"}
			}
		},
		{
			"from": [5.5878, 9.6125, 8.1751],
			"to": [5.9128, 9.9375, 8.4249],
			"faces": {
				"north": {"uv": [3, 2.75, 3.25, 3], "texture": "#1"},
				"east": {"uv": [3, 2.75, 3.25, 3], "texture": "#1"},
				"south": {"uv": [3, 2.75, 3.25, 3], "texture": "#1"},
				"west": {"uv": [3, 2.75, 3.25, 3], "texture": "#1"},
				"up": {"uv": [3, 2.75, 3.25, 3], "texture": "#1"},
				"down": {"uv": [3, 2.75, 3.25, 3], "texture": "#1"}
			}
		},
		{
			"from": [7.2128, 7.9875, 8.1751],
			"to": [7.5378, 8.3125, 8.4249],
			"faces": {
				"north": {"uv": [5.5, 5.25, 5.75, 5.5], "texture": "#1"},
				"east": {"uv": [5.5, 5.25, 5.75, 5.5], "texture": "#1"},
				"south": {"uv": [5.5, 5.25, 5.75, 5.5], "texture": "#1"},
				"west": {"uv": [5.5, 5.25, 5.75, 5.5], "texture": "#1"},
				"up": {"uv": [5.5, 5.25, 5.75, 5.5], "texture": "#1"},
				"down": {"uv": [5.5, 5.25, 5.75, 5.5], "texture": "#1"}
			}
		},
		{
			"from": [6.5628, 8.6375, 8.1751],
			"to": [6.8878, 8.9625, 8.4249],
			"faces": {
				"north": {"uv": [4.5, 4.25, 4.75, 4.5], "texture": "#1"},
				"east": {"uv": [4.5, 4.25, 4.75, 4.5], "texture": "#1"},
				"south": {"uv": [4.5, 4.25, 4.75, 4.5], "texture": "#1"},
				"west": {"uv": [4.5, 4.25, 4.75, 4.5], "texture": "#1"},
				"up": {"uv": [4.5, 4.25, 4.75, 4.5], "texture": "#1"},
				"down": {"uv": [4.5, 4.25, 4.75, 4.5], "texture": "#1"}
			}
		},
		{
			"from": [5.9128, 9.2875, 8.1751],
			"to": [6.2378, 9.6125, 8.4249],
			"faces": {
				"north": {"uv": [3.5, 3.25, 3.75, 3.5], "texture": "#1"},
				"east": {"uv": [3.5, 3.25, 3.75, 3.5], "texture": "#1"},
				"south": {"uv": [3.5, 3.25, 3.75, 3.5], "texture": "#1"},
				"west": {"uv": [3.5, 3.25, 3.75, 3.5], "texture": "#1"},
				"up": {"uv": [3.5, 3.25, 3.75, 3.5], "texture": "#1"},
				"down": {"uv": [3.5, 3.25, 3.75, 3.5], "texture": "#1"}
			}
		},
		{
			"from": [5.2628, 9.9375, 8.1751],
			"to": [5.5878, 10.2625, 8.4249],
			"faces": {
				"north": {"uv": [2.5, 2.25, 2.75, 2.5], "texture": "#1"},
				"east": {"uv": [2.5, 2.25, 2.75, 2.5], "texture": "#1"},
				"south": {"uv": [2.5, 2.25, 2.75, 2.5], "texture": "#1"},
				"west": {"uv": [2.5, 2.25, 2.75, 2.5], "texture": "#1"},
				"up": {"uv": [2.5, 2.25, 2.75, 2.5], "texture": "#1"},
				"down": {"uv": [2.5, 2.25, 2.75, 2.5], "texture": "#1"}
			}
		},
		{
			"from": [7.7, 7.5, 8.175],
			"to": [8.025, 7.825, 8.425],
			"faces": {
				"north": {"uv": [6, 6, 6.5, 6.5], "texture": "#1"},
				"east": {"uv": [0, 0, 0.125, 0.1625], "texture": "#missing"},
				"south": {"uv": [6, 6, 6.5, 6.5], "texture": "#1"},
				"west": {"uv": [6, 6, 6.5, 6.5], "texture": "#1"},
				"up": {"uv": [6, 6, 6.5, 6.5], "texture": "#1"},
				"down": {"uv": [0, 0, 0.1625, 0.125], "texture": "#missing"}
			}
		},
		{
			"from": [7.375, 7.825, 8.175],
			"to": [7.7, 8.15, 8.425],
			"faces": {
				"north": {"uv": [5.5, 5.5, 6, 6], "texture": "#1"},
				"east": {"uv": [5.5, 5.5, 6, 6], "texture": "#1"},
				"south": {"uv": [5.5, 5.5, 6, 6], "texture": "#1"},
				"west": {"uv": [5.5, 5.5, 6, 6], "texture": "#1"},
				"up": {"uv": [5.5, 5.5, 6, 6], "texture": "#1"},
				"down": {"uv": [5.5, 5.5, 6, 6], "texture": "#1"}
			}
		},
		{
			"from": [6.725, 8.475, 8.175],
			"to": [7.05, 8.8, 8.425],
			"faces": {
				"north": {"uv": [4.5, 4.5, 5, 5], "texture": "#1"},
				"east": {"uv": [4.5, 4.5, 5, 5], "texture": "#1"},
				"south": {"uv": [4.5, 4.5, 5, 5], "texture": "#1"},
				"west": {"uv": [4.5, 4.5, 5, 5], "texture": "#1"},
				"up": {"uv": [4.5, 4.5, 5, 5], "texture": "#1"},
				"down": {"uv": [4.5, 4.5, 5, 5], "texture": "#1"}
			}
		},
		{
			"from": [6.075, 9.125, 8.175],
			"to": [6.4, 9.45, 8.425],
			"faces": {
				"north": {"uv": [3.5, 3.5, 4, 4], "texture": "#1"},
				"east": {"uv": [3.5, 3.5, 4, 4], "texture": "#1"},
				"south": {"uv": [3.5, 3.5, 4, 4], "texture": "#1"},
				"west": {"uv": [3.5, 3.5, 4, 4], "texture": "#1"},
				"up": {"uv": [3.5, 3.5, 4, 4], "texture": "#1"},
				"down": {"uv": [3.5, 3.5, 4, 4], "texture": "#1"}
			}
		},
		{
			"from": [5.425, 9.775, 8.175],
			"to": [5.75, 10.1, 8.425],
			"faces": {
				"north": {"uv": [2.5, 2.5, 3, 3], "texture": "#1"},
				"east": {"uv": [2.5, 2.5, 3, 3], "texture": "#1"},
				"south": {"uv": [2.5, 2.5, 3, 3], "texture": "#1"},
				"west": {"uv": [2.5, 2.5, 3, 3], "texture": "#1"},
				"up": {"uv": [2.5, 2.5, 3, 3], "texture": "#1"},
				"down": {"uv": [2.5, 2.5, 3, 3], "texture": "#1"}
			}
		},
		{
			"from": [7.05, 8.15, 8.175],
			"to": [7.375, 8.475, 8.425],
			"faces": {
				"north": {"uv": [5, 5, 5.5, 5.5], "texture": "#1"},
				"east": {"uv": [5, 5, 5.5, 5.5], "texture": "#1"},
				"south": {"uv": [5, 5, 5.5, 5.5], "texture": "#1"},
				"west": {"uv": [5, 5, 5.5, 5.5], "texture": "#1"},
				"up": {"uv": [5, 5, 5.5, 5.5], "texture": "#1"},
				"down": {"uv": [5, 5, 5.5, 5.5], "texture": "#1"}
			}
		},
		{
			"from": [6.4, 8.8, 8.175],
			"to": [6.725, 9.125, 8.425],
			"faces": {
				"north": {"uv": [4, 4, 4.5, 4.5], "texture": "#1"},
				"east": {"uv": [4, 4, 4.5, 4.5], "texture": "#1"},
				"south": {"uv": [4, 4, 4.5, 4.5], "texture": "#1"},
				"west": {"uv": [4, 4, 4.5, 4.5], "texture": "#1"},
				"up": {"uv": [4, 4, 4.5, 4.5], "texture": "#1"},
				"down": {"uv": [4, 4, 4.5, 4.5], "texture": "#1"}
			}
		},
		{
			"from": [5.75, 9.45, 8.175],
			"to": [6.075, 9.775, 8.425],
			"faces": {
				"north": {"uv": [3, 3, 3.5, 3.5], "texture": "#1"},
				"east": {"uv": [3, 3, 3.5, 3.5], "texture": "#1"},
				"south": {"uv": [3, 3, 3.5, 3.5], "texture": "#1"},
				"west": {"uv": [3, 3, 3.5, 3.5], "texture": "#1"},
				"up": {"uv": [3, 3, 3.5, 3.5], "texture": "#1"},
				"down": {"uv": [3, 3, 3.5, 3.5], "texture": "#1"}
			}
		},
		{
			"from": [5.1, 10.1, 8.175],
			"to": [5.425, 10.425, 8.425],
			"faces": {
				"north": {"uv": [2, 2, 2.5, 2.5], "texture": "#1"},
				"east": {"uv": [2, 2, 2.5, 2.5], "texture": "#1"},
				"south": {"uv": [2, 2, 2.5, 2.5], "texture": "#1"},
				"west": {"uv": [0, 0, 0.125, 0.1625], "texture": "#missing"},
				"up": {"uv": [0, 0, 0.1625, 0.125], "texture": "#missing"},
				"down": {"uv": [2, 2, 2.5, 2.5], "texture": "#1"}
			}
		},
		{
			"from": [4.775, 10.425, 8.175],
			"to": [5.1, 10.75, 8.425],
			"faces": {
				"north": {"uv": [1.5, 1.5, 2, 2], "texture": "#1"},
				"east": {"uv": [0, 0, 0.125, 0.1625], "texture": "#missing"},
				"south": {"uv": [1.5, 1.5, 2, 2], "texture": "#1"},
				"west": {"uv": [0, 0, 0.125, 0.1625], "texture": "#missing"},
				"up": {"uv": [0, 0, 0.1625, 0.125], "texture": "#missing"},
				"down": {"uv": [0, 0, 0.1625, 0.125], "texture": "#missing"}
			}
		},
		{
			"from": [4.775, 10.1, 8.175],
			"to": [5.1, 10.425, 8.425],
			"faces": {
				"north": {"uv": [1.5, 2, 2, 2.5], "texture": "#1"},
				"east": {"uv": [0, 0, 0.125, 0.1625], "texture": "#missing"},
				"south": {"uv": [1.5, 2, 2, 2.5], "texture": "#1"},
				"west": {"uv": [0, 0, 0.125, 0.1625], "texture": "#missing"},
				"up": {"uv": [0, 0, 0.1625, 0.125], "texture": "#missing"},
				"down": {"uv": [0, 0, 0.1625, 0.125], "texture": "#missing"}
			}
		},
		{
			"from": [4.45, 10.1, 8.175],
			"to": [4.775, 10.425, 8.425],
			"faces": {
				"north": {"uv": [1, 2, 1.5, 2.5], "texture": "#1"},
				"east": {"uv": [0, 0, 0.125, 0.1625], "texture": "#missing"},
				"south": {"uv": [1, 2, 1.5, 2.5], "texture": "#1"},
				"west": {"uv": [1, 2, 1.5, 2.5], "texture": "#1"},
				"up": {"uv": [0, 0, 0.1625, 0.125], "texture": "#missing"},
				"down": {"uv": [1, 2, 1.5, 2.5], "texture": "#1"}
			}
		},
		{
			"from": [4.45, 10.425, 8.175],
			"to": [4.775, 10.75, 8.425],
			"faces": {
				"north": {"uv": [1, 1.5, 1.5, 2], "texture": "#1"},
				"east": {"uv": [0, 0, 0.125, 0.1625], "texture": "#missing"},
				"south": {"uv": [1, 1.5, 1.5, 2], "texture": "#1"},
				"west": {"uv": [1, 1.5, 1.5, 2], "texture": "#1"},
				"up": {"uv": [0, 0, 0.1625, 0.125], "texture": "#missing"},
				"down": {"uv": [0, 0, 0.1625, 0.125], "texture": "#missing"}
			}
		},
		{
			"from": [4.45, 10.75, 8.175],
			"to": [4.775, 11.075, 8.425],
			"faces": {
				"north": {"uv": [1, 1, 1.5, 1.5], "texture": "#1"},
				"east": {"uv": [0, 0, 0.125, 0.1625], "texture": "#missing"},
				"south": {"uv": [1, 1, 1.5, 1.5], "texture": "#1"},
				"west": {"uv": [1, 1, 1.5, 1.5], "texture": "#1"},
				"up": {"uv": [1, 1, 1.5, 1.5], "texture": "#1"},
				"down": {"uv": [0, 0, 0.1625, 0.125], "texture": "#missing"}
			}
		},
		{
			"from": [4.775, 10.75, 8.175],
			"to": [5.1, 11.075, 8.425],
			"faces": {
				"north": {"uv": [1.5, 1, 2, 1.5], "texture": "#1"},
				"east": {"uv": [0, 0, 0.125, 0.1625], "texture": "#missing"},
				"south": {"uv": [1.5, 1, 2, 1.5], "texture": "#1"},
				"west": {"uv": [0, 0, 0.125, 0.1625], "texture": "#missing"},
				"up": {"uv": [1.5, 1, 2, 1.5], "texture": "#1"},
				"down": {"uv": [0, 0, 0.1625, 0.125], "texture": "#missing"}
			}
		},
		{
			"from": [5.1, 10.75, 8.175],
			"to": [5.425, 11.075, 8.425],
			"faces": {
				"north": {"uv": [2, 1, 2.5, 1.5], "texture": "#1"},
				"east": {"uv": [2, 1, 2.5, 1.5], "texture": "#1"},
				"south": {"uv": [2, 1, 2.5, 1.5], "texture": "#1"},
				"west": {"uv": [0, 0, 0.125, 0.1625], "texture": "#missing"},
				"up": {"uv": [2, 1, 2.5, 1.5], "texture": "#1"},
				"down": {"uv": [0, 0, 0.1625, 0.125], "texture": "#missing"}
			}
		},
		{
			"from": [4.775, 9.775, 8.175],
			"to": [5.1, 10.1, 8.425],
			"faces": {
				"north": {"uv": [1.5, 2.5, 2, 3], "texture": "#1"},
				"east": {"uv": [1.5, 2.5, 2, 3], "texture": "#1"},
				"south": {"uv": [1.5, 2.5, 2, 3], "texture": "#1"},
				"west": {"uv": [1.5, 2.5, 2, 3], "texture": "#1"},
				"up": {"uv": [0, 0, 0.1625, 0.125], "texture": "#missing"},
				"down": {"uv": [1.5, 2.5, 2, 3], "texture": "#1"}
			}
		},
		{
			"from": [5.1, 10.425, 8.175],
			"to": [5.425, 10.75, 8.425],
			"faces": {
				"north": {"uv": [2, 1.5, 2.5, 2], "texture": "#1"},
				"east": {"uv": [0, 0, 0.125, 0.1625], "texture": "#missing"},
				"south": {"uv": [2, 1.5, 2.5, 2], "texture": "#1"},
				"west": {"uv": [0, 0, 0.125, 0.1625], "texture": "#missing"},
				"up": {"uv": [0, 0, 0.1625, 0.125], "texture": "#missing"},
				"down": {"uv": [0, 0, 0.1625, 0.125], "texture": "#missing"}
			}
		},
		{
			"from": [5.425, 10.425, 8.175],
			"to": [5.75, 10.75, 8.425],
			"faces": {
				"north": {"uv": [2.5, 1.5, 3, 2], "texture": "#1"},
				"east": {"uv": [2.5, 1.5, 3, 2], "texture": "#1"},
				"south": {"uv": [2.5, 1.5, 3, 2], "texture": "#1"},
				"west": {"uv": [0, 0, 0.125, 0.1625], "texture": "#missing"},
				"up": {"uv": [2.5, 1.5, 3, 2], "texture": "#1"},
				"down": {"uv": [2.5, 1.5, 3, 2], "texture": "#1"}
			}
		},
		{
			"from": [7.7, 6.525, 8.175],
			"to": [8.025, 6.85, 8.425],
			"faces": {
				"north": {"uv": [6, 7.5, 6.5, 8], "texture": "#1"},
				"east": {"uv": [6, 7.5, 6.5, 8], "texture": "#1"},
				"south": {"uv": [6, 7.5, 6.5, 8], "texture": "#1"},
				"west": {"uv": [6, 7.5, 6.5, 8], "texture": "#1"},
				"up": {"uv": [0, 0, 0.1625, 0.125], "texture": "#missing"},
				"down": {"uv": [6, 7.5, 6.5, 8], "texture": "#1"}
			}
		},
		{
			"from": [8.35, 6.525, 8.175],
			"to": [8.675, 6.85, 8.425],
			"faces": {
				"north": {"uv": [7, 7.5, 7.5, 8], "texture": "#1"},
				"east": {"uv": [7, 7.5, 7.5, 8], "texture": "#1"},
				"south": {"uv": [7, 7.5, 7.5, 8], "texture": "#1"},
				"west": {"uv": [7, 7.5, 7.5, 8], "texture": "#1"},
				"up": {"uv": [0, 0, 0.1625, 0.125], "texture": "#missing"},
				"down": {"uv": [7, 7.5, 7.5, 8], "texture": "#1"}
			}
		},
		{
			"from": [8.35, 6.85, 8.175],
			"to": [8.675, 7.175, 8.425],
			"faces": {
				"north": {"uv": [7, 7, 7.5, 7.5], "texture": "#1"},
				"east": {"uv": [0, 0, 0.125, 0.1625], "texture": "#missing"},
				"south": {"uv": [7, 7, 7.5, 7.5], "texture": "#1"},
				"west": {"uv": [0, 0, 0.125, 0.1625], "texture": "#missing"},
				"up": {"uv": [0, 0, 0.1625, 0.125], "texture": "#missing"},
				"down": {"uv": [0, 0, 0.1625, 0.125], "texture": "#missing"}
			}
		},
		{
			"from": [7.65, 3.9, 8.175],
			"to": [7.975, 4.225, 8.425],
			"faces": {
				"north": {"uv": [7.5, 7, 8, 7.5], "texture": "#1"},
				"east": {"uv": [7.5, 7, 8, 7.5], "texture": "#1"},
				"south": {"uv": [7.5, 7, 8, 7.5], "texture": "#1"},
				"west": {"uv": [0, 0, 0.125, 0.1625], "texture": "#missing"},
				"up": {"uv": [7.5, 7, 8, 7.5], "texture": "#1"},
				"down": {"uv": [7.5, 7, 8, 7.5], "texture": "#1"}
			}
		},
		{
			"from": [7.325, 4.225, 8.175],
			"to": [7.65, 4.55, 8.425],
			"faces": {
				"north": {"uv": [7, 6.5, 7.5, 7], "texture": "#1"},
				"east": {"uv": [7, 6.5, 7.5, 7], "texture": "#1"},
				"south": {"uv": [7, 6.5, 7.5, 7], "texture": "#1"},
				"west": {"uv": [0, 0, 0.125, 0.1625], "texture": "#missing"},
				"up": {"uv": [0, 0, 0.1625, 0.125], "texture": "#missing"},
				"down": {"uv": [0, 0, 0.1625, 0.125], "texture": "#missing"}
			}
		},
		{
			"from": [7.325, 4.55, 8.175],
			"to": [7.65, 4.875, 8.425],
			"faces": {
				"north": {"uv": [7, 6, 7.5, 6.5], "texture": "#1"},
				"east": {"uv": [0, 0, 0.125, 0.1625], "texture": "#missing"},
				"south": {"uv": [7, 6, 7.5, 6.5], "texture": "#1"},
				"west": {"uv": [0, 0, 0.125, 0.1625], "texture": "#missing"},
				"up": {"uv": [7, 6, 7.5, 6.5], "texture": "#1"},
				"down": {"uv": [0, 0, 0.1625, 0.125], "texture": "#missing"}
			}
		},
		{
			"from": [7.65, 4.55, 8.175],
			"to": [7.975, 4.875, 8.425],
			"faces": {
				"north": {"uv": [7.5, 6, 8, 6.5], "texture": "#1"},
				"east": {"uv": [7.5, 6, 8, 6.5], "texture": "#1"},
				"south": {"uv": [7.5, 6, 8, 6.5], "texture": "#1"},
				"west": {"uv": [0, 0, 0.125, 0.1625], "texture": "#missing"},
				"up": {"uv": [7.5, 6, 8, 6.5], "texture": "#1"},
				"down": {"uv": [7.5, 6, 8, 6.5], "texture": "#1"}
			}
		},
		{
			"from": [7, 4.55, 8.175],
			"to": [7.325, 4.875, 8.425],
			"faces": {
				"north": {"uv": [6.5, 6, 7, 6.5], "texture": "#1"},
				"east": {"uv": [0, 0, 0.125, 0.1625], "texture": "#missing"},
				"south": {"uv": [6.5, 6, 7, 6.5], "texture": "#1"},
				"west": {"uv": [0, 0, 0.125, 0.1625], "texture": "#missing"},
				"up": {"uv": [6.5, 6, 7, 6.5], "texture": "#1"},
				"down": {"uv": [0, 0, 0.1625, 0.125], "texture": "#missing"}
			}
		},
		{
			"from": [7, 4.225, 8.175],
			"to": [7.325, 4.55, 8.425],
			"faces": {
				"north": {"uv": [6.5, 6.5, 7, 7], "texture": "#1"},
				"east": {"uv": [0, 0, 0.125, 0.1625], "texture": "#missing"},
				"south": {"uv": [6.5, 6.5, 7, 7], "texture": "#1"},
				"west": {"uv": [0, 0, 0.125, 0.1625], "texture": "#missing"},
				"up": {"uv": [0, 0, 0.1625, 0.125], "texture": "#missing"},
				"down": {"uv": [0, 0, 0.1625, 0.125], "texture": "#missing"}
			}
		},
		{
			"from": [7, 3.9, 8.175],
			"to": [7.325, 4.225, 8.425],
			"faces": {
				"north": {"uv": [6.5, 7, 7, 7.5], "texture": "#1"},
				"east": {"uv": [0, 0, 0.125, 0.1625], "texture": "#missing"},
				"south": {"uv": [6.5, 7, 7, 7.5], "texture": "#1"},
				"west": {"uv": [0, 0, 0.125, 0.1625], "texture": "#missing"},
				"up": {"uv": [0, 0, 0.1625, 0.125], "texture": "#missing"},
				"down": {"uv": [6.5, 7, 7, 7.5], "texture": "#1"}
			}
		},
		{
			"from": [6.675, 3.9, 8.175],
			"to": [7, 4.225, 8.425],
			"faces": {
				"north": {"uv": [6, 7, 6.5, 7.5], "texture": "#1"},
				"east": {"uv": [0, 0, 0.125, 0.1625], "texture": "#missing"},
				"south": {"uv": [6, 7, 6.5, 7.5], "texture": "#1"},
				"west": {"uv": [6, 7, 6.5, 7.5], "texture": "#1"},
				"up": {"uv": [0, 0, 0.1625, 0.125], "texture": "#missing"},
				"down": {"uv": [0, 0, 0.1625, 0.125], "texture": "#missing"}
			}
		},
		{
			"from": [6.675, 4.225, 8.175],
			"to": [7, 4.55, 8.425],
			"faces": {
				"north": {"uv": [6, 6.5, 6.5, 7], "texture": "#1"},
				"east": {"uv": [0, 0, 0.125, 0.1625], "texture": "#missing"},
				"south": {"uv": [6, 6.5, 6.5, 7], "texture": "#1"},
				"west": {"uv": [6, 6.5, 6.5, 7], "texture": "#1"},
				"up": {"uv": [0, 0, 0.1625, 0.125], "texture": "#missing"},
				"down": {"uv": [0, 0, 0.1625, 0.125], "texture": "#missing"}
			}
		},
		{
			"from": [6.5128, 4.7125, 8.1751],
			"to": [6.8378, 5.0375, 8.4249],
			"faces": {
				"north": {"uv": [6, 5.75, 6.25, 6], "texture": "#1"},
				"east": {"uv": [6, 5.75, 6.25, 6], "texture": "#1"},
				"south": {"uv": [6, 5.75, 6.25, 6], "texture": "#1"},
				"west": {"uv": [6, 5.75, 6.25, 6], "texture": "#1"},
				"up": {"uv": [6, 5.75, 6.25, 6], "texture": "#1"},
				"down": {"uv": [6, 5.75, 6.25, 6], "texture": "#1"}
			}
		},
		{
			"from": [5.8628, 5.3625, 8.1751],
			"to": [6.1878, 5.6875, 8.4249],
			"faces": {
				"north": {"uv": [5, 4.75, 5.25, 5], "texture": "#1"},
				"east": {"uv": [5, 4.75, 5.25, 5], "texture": "#1"},
				"south": {"uv": [5, 4.75, 5.25, 5], "texture": "#1"},
				"west": {"uv": [5, 4.75, 5.25, 5], "texture": "#1"},
				"up": {"uv": [5, 4.75, 5.25, 5], "texture": "#1"},
				"down": {"uv": [5, 4.75, 5.25, 5], "texture": "#1"}
			}
		},
		{
			"from": [5.2128, 6.0125, 8.1751],
			"to": [5.5378, 6.3375, 8.4249],
			"faces": {
				"north": {"uv": [4, 3.75, 4.25, 4], "texture": "#1"},
				"east": {"uv": [4, 3.75, 4.25, 4], "texture": "#1"},
				"south": {"uv": [4, 3.75, 4.25, 4], "texture": "#1"},
				"west": {"uv": [4, 3.75, 4.25, 4], "texture": "#1"},
				"up": {"uv": [4, 3.75, 4.25, 4], "texture": "#1"},
				"down": {"uv": [4, 3.75, 4.25, 4], "texture": "#1"}
			}
		},
		{
			"from": [4.5628, 6.6625, 8.1751],
			"to": [4.8878, 6.9875, 8.4249],
			"faces": {
				"north": {"uv": [3, 2.75, 3.25, 3], "texture": "#1"},
				"east": {"uv": [3, 2.75, 3.25, 3], "texture": "#1"},
				"south": {"uv": [3, 2.75, 3.25, 3], "texture": "#1"},
				"west": {"uv": [3, 2.75, 3.25, 3], "texture": "#1"},
				"up": {"uv": [3, 2.75, 3.25, 3], "texture": "#1"},
				"down": {"uv": [3, 2.75, 3.25, 3], "texture": "#1"}
			}
		},
		{
			"from": [6.1878, 5.0375, 8.1751],
			"to": [6.5128, 5.3625, 8.4249],
			"faces": {
				"north": {"uv": [5.5, 5.25, 5.75, 5.5], "texture": "#1"},
				"east": {"uv": [5.5, 5.25, 5.75, 5.5], "texture": "#1"},
				"south": {"uv": [5.5, 5.25, 5.75, 5.5], "texture": "#1"},
				"west": {"uv": [5.5, 5.25, 5.75, 5.5], "texture": "#1"},
				"up": {"uv": [5.5, 5.25, 5.75, 5.5], "texture": "#1"},
				"down": {"uv": [5.5, 5.25, 5.75, 5.5], "texture": "#1"}
			}
		},
		{
			"from": [5.5378, 5.6875, 8.1751],
			"to": [5.8628, 6.0125, 8.4249],
			"faces": {
				"north": {"uv": [4.5, 4.25, 4.75, 4.5], "texture": "#1"},
				"east": {"uv": [4.5, 4.25, 4.75, 4.5], "texture": "#1"},
				"south": {"uv": [4.5, 4.25, 4.75, 4.5], "texture": "#1"},
				"west": {"uv": [4.5, 4.25, 4.75, 4.5], "texture": "#1"},
				"up": {"uv": [4.5, 4.25, 4.75, 4.5], "texture": "#1"},
				"down": {"uv": [4.5, 4.25, 4.75, 4.5], "texture": "#1"}
			}
		},
		{
			"from": [4.8878, 6.3375, 8.1751],
			"to": [5.2128, 6.6625, 8.4249],
			"faces": {
				"north": {"uv": [3.5, 3.25, 3.75, 3.5], "texture": "#1"},
				"east": {"uv": [3.5, 3.25, 3.75, 3.5], "texture": "#1"},
				"south": {"uv": [3.5, 3.25, 3.75, 3.5], "texture": "#1"},
				"west": {"uv": [3.5, 3.25, 3.75, 3.5], "texture": "#1"},
				"up": {"uv": [3.5, 3.25, 3.75, 3.5], "texture": "#1"},
				"down": {"uv": [3.5, 3.25, 3.75, 3.5], "texture": "#1"}
			}
		},
		{
			"from": [4.2378, 6.9875, 8.1751],
			"to": [4.5628, 7.3125, 8.4249],
			"faces": {
				"north": {"uv": [2.5, 2.25, 2.75, 2.5], "texture": "#1"},
				"east": {"uv": [2.5, 2.25, 2.75, 2.5], "texture": "#1"},
				"south": {"uv": [2.5, 2.25, 2.75, 2.5], "texture": "#1"},
				"west": {"uv": [2.5, 2.25, 2.75, 2.5], "texture": "#1"},
				"up": {"uv": [2.5, 2.25, 2.75, 2.5], "texture": "#1"},
				"down": {"uv": [2.5, 2.25, 2.75, 2.5], "texture": "#1"}
			}
		},
		{
			"from": [6.675, 4.55, 8.175],
			"to": [7, 4.875, 8.425],
			"faces": {
				"north": {"uv": [6, 6, 6.5, 6.5], "texture": "#1"},
				"east": {"uv": [0, 0, 0.125, 0.1625], "texture": "#missing"},
				"south": {"uv": [6, 6, 6.5, 6.5], "texture": "#1"},
				"west": {"uv": [6, 6, 6.5, 6.5], "texture": "#1"},
				"up": {"uv": [6, 6, 6.5, 6.5], "texture": "#1"},
				"down": {"uv": [0, 0, 0.1625, 0.125], "texture": "#missing"}
			}
		},
		{
			"from": [6.35, 4.875, 8.175],
			"to": [6.675, 5.2, 8.425],
			"faces": {
				"north": {"uv": [5.5, 5.5, 6, 6], "texture": "#1"},
				"east": {"uv": [5.5, 5.5, 6, 6], "texture": "#1"},
				"south": {"uv": [5.5, 5.5, 6, 6], "texture": "#1"},
				"west": {"uv": [5.5, 5.5, 6, 6], "texture": "#1"},
				"up": {"uv": [5.5, 5.5, 6, 6], "texture": "#1"},
				"down": {"uv": [5.5, 5.5, 6, 6], "texture": "#1"}
			}
		},
		{
			"from": [5.7, 5.525, 8.175],
			"to": [6.025, 5.85, 8.425],
			"faces": {
				"north": {"uv": [4.5, 4.5, 5, 5], "texture": "#1"},
				"east": {"uv": [4.5, 4.5, 5, 5], "texture": "#1"},
				"south": {"uv": [4.5, 4.5, 5, 5], "texture": "#1"},
				"west": {"uv": [4.5, 4.5, 5, 5], "texture": "#1"},
				"up": {"uv": [4.5, 4.5, 5, 5], "texture": "#1"},
				"down": {"uv": [4.5, 4.5, 5, 5], "texture": "#1"}
			}
		},
		{
			"from": [5.05, 6.175, 8.175],
			"to": [5.375, 6.5, 8.425],
			"faces": {
				"north": {"uv": [3.5, 3.5, 4, 4], "texture": "#1"},
				"east": {"uv": [3.5, 3.5, 4, 4], "texture": "#1"},
				"south": {"uv": [3.5, 3.5, 4, 4], "texture": "#1"},
				"west": {"uv": [3.5, 3.5, 4, 4], "texture": "#1"},
				"up": {"uv": [3.5, 3.5, 4, 4], "texture": "#1"},
				"down": {"uv": [3.5, 3.5, 4, 4], "texture": "#1"}
			}
		},
		{
			"from": [4.4, 6.825, 8.175],
			"to": [4.725, 7.15, 8.425],
			"faces": {
				"north": {"uv": [2.5, 2.5, 3, 3], "texture": "#1"},
				"east": {"uv": [2.5, 2.5, 3, 3], "texture": "#1"},
				"south": {"uv": [2.5, 2.5, 3, 3], "texture": "#1"},
				"west": {"uv": [2.5, 2.5, 3, 3], "texture": "#1"},
				"up": {"uv": [2.5, 2.5, 3, 3], "texture": "#1"},
				"down": {"uv": [2.5, 2.5, 3, 3], "texture": "#1"}
			}
		},
		{
			"from": [6.025, 5.2, 8.175],
			"to": [6.35, 5.525, 8.425],
			"faces": {
				"north": {"uv": [5, 5, 5.5, 5.5], "texture": "#1"},
				"east": {"uv": [5, 5, 5.5, 5.5], "texture": "#1"},
				"south": {"uv": [5, 5, 5.5, 5.5], "texture": "#1"},
				"west": {"uv": [5, 5, 5.5, 5.5], "texture": "#1"},
				"up": {"uv": [5, 5, 5.5, 5.5], "texture": "#1"},
				"down": {"uv": [5, 5, 5.5, 5.5], "texture": "#1"}
			}
		},
		{
			"from": [5.375, 5.85, 8.175],
			"to": [5.7, 6.175, 8.425],
			"faces": {
				"north": {"uv": [4, 4, 4.5, 4.5], "texture": "#1"},
				"east": {"uv": [4, 4, 4.5, 4.5], "texture": "#1"},
				"south": {"uv": [4, 4, 4.5, 4.5], "texture": "#1"},
				"west": {"uv": [4, 4, 4.5, 4.5], "texture": "#1"},
				"up": {"uv": [4, 4, 4.5, 4.5], "texture": "#1"},
				"down": {"uv": [4, 4, 4.5, 4.5], "texture": "#1"}
			}
		},
		{
			"from": [4.725, 6.5, 8.175],
			"to": [5.05, 6.825, 8.425],
			"faces": {
				"north": {"uv": [3, 3, 3.5, 3.5], "texture": "#1"},
				"east": {"uv": [3, 3, 3.5, 3.5], "texture": "#1"},
				"south": {"uv": [3, 3, 3.5, 3.5], "texture": "#1"},
				"west": {"uv": [3, 3, 3.5, 3.5], "texture": "#1"},
				"up": {"uv": [3, 3, 3.5, 3.5], "texture": "#1"},
				"down": {"uv": [3, 3, 3.5, 3.5], "texture": "#1"}
			}
		},
		{
			"from": [4.075, 7.15, 8.175],
			"to": [4.4, 7.475, 8.425],
			"faces": {
				"north": {"uv": [2, 2, 2.5, 2.5], "texture": "#1"},
				"east": {"uv": [2, 2, 2.5, 2.5], "texture": "#1"},
				"south": {"uv": [2, 2, 2.5, 2.5], "texture": "#1"},
				"west": {"uv": [0, 0, 0.125, 0.1625], "texture": "#missing"},
				"up": {"uv": [0, 0, 0.1625, 0.125], "texture": "#missing"},
				"down": {"uv": [2, 2, 2.5, 2.5], "texture": "#1"}
			}
		},
		{
			"from": [3.75, 7.475, 8.175],
			"to": [4.075, 7.8, 8.425],
			"faces": {
				"north": {"uv": [1.5, 1.5, 2, 2], "texture": "#1"},
				"east": {"uv": [0, 0, 0.125, 0.1625], "texture": "#missing"},
				"south": {"uv": [1.5, 1.5, 2, 2], "texture": "#1"},
				"west": {"uv": [0, 0, 0.125, 0.1625], "texture": "#missing"},
				"up": {"uv": [0, 0, 0.1625, 0.125], "texture": "#missing"},
				"down": {"uv": [0, 0, 0.1625, 0.125], "texture": "#missing"}
			}
		},
		{
			"from": [3.75, 7.15, 8.175],
			"to": [4.075, 7.475, 8.425],
			"faces": {
				"north": {"uv": [1.5, 2, 2, 2.5], "texture": "#1"},
				"east": {"uv": [0, 0, 0.125, 0.1625], "texture": "#missing"},
				"south": {"uv": [1.5, 2, 2, 2.5], "texture": "#1"},
				"west": {"uv": [0, 0, 0.125, 0.1625], "texture": "#missing"},
				"up": {"uv": [0, 0, 0.1625, 0.125], "texture": "#missing"},
				"down": {"uv": [0, 0, 0.1625, 0.125], "texture": "#missing"}
			}
		},
		{
			"from": [3.425, 7.15, 8.175],
			"to": [3.75, 7.475, 8.425],
			"faces": {
				"north": {"uv": [1, 2, 1.5, 2.5], "texture": "#1"},
				"east": {"uv": [0, 0, 0.125, 0.1625], "texture": "#missing"},
				"south": {"uv": [1, 2, 1.5, 2.5], "texture": "#1"},
				"west": {"uv": [1, 2, 1.5, 2.5], "texture": "#1"},
				"up": {"uv": [0, 0, 0.1625, 0.125], "texture": "#missing"},
				"down": {"uv": [1, 2, 1.5, 2.5], "texture": "#1"}
			}
		},
		{
			"from": [3.425, 7.475, 8.175],
			"to": [3.75, 7.8, 8.425],
			"faces": {
				"north": {"uv": [1, 1.5, 1.5, 2], "texture": "#1"},
				"east": {"uv": [0, 0, 0.125, 0.1625], "texture": "#missing"},
				"south": {"uv": [1, 1.5, 1.5, 2], "texture": "#1"},
				"west": {"uv": [1, 1.5, 1.5, 2], "texture": "#1"},
				"up": {"uv": [0, 0, 0.1625, 0.125], "texture": "#missing"},
				"down": {"uv": [0, 0, 0.1625, 0.125], "texture": "#missing"}
			}
		},
		{
			"from": [3.425, 7.8, 8.175],
			"to": [3.75, 8.125, 8.425],
			"faces": {
				"north": {"uv": [1, 1, 1.5, 1.5], "texture": "#1"},
				"east": {"uv": [0, 0, 0.125, 0.1625], "texture": "#missing"},
				"south": {"uv": [1, 1, 1.5, 1.5], "texture": "#1"},
				"west": {"uv": [1, 1, 1.5, 1.5], "texture": "#1"},
				"up": {"uv": [1, 1, 1.5, 1.5], "texture": "#1"},
				"down": {"uv": [0, 0, 0.1625, 0.125], "texture": "#missing"}
			}
		},
		{
			"from": [3.75, 7.8, 8.175],
			"to": [4.075, 8.125, 8.425],
			"faces": {
				"north": {"uv": [1.5, 1, 2, 1.5], "texture": "#1"},
				"east": {"uv": [0, 0, 0.125, 0.1625], "texture": "#missing"},
				"south": {"uv": [1.5, 1, 2, 1.5], "texture": "#1"},
				"west": {"uv": [0, 0, 0.125, 0.1625], "texture": "#missing"},
				"up": {"uv": [1.5, 1, 2, 1.5], "texture": "#1"},
				"down": {"uv": [0, 0, 0.1625, 0.125], "texture": "#missing"}
			}
		},
		{
			"from": [4.075, 7.8, 8.175],
			"to": [4.4, 8.125, 8.425],
			"faces": {
				"north": {"uv": [2, 1, 2.5, 1.5], "texture": "#1"},
				"east": {"uv": [2, 1, 2.5, 1.5], "texture": "#1"},
				"south": {"uv": [2, 1, 2.5, 1.5], "texture": "#1"},
				"west": {"uv": [0, 0, 0.125, 0.1625], "texture": "#missing"},
				"up": {"uv": [2, 1, 2.5, 1.5], "texture": "#1"},
				"down": {"uv": [0, 0, 0.1625, 0.125], "texture": "#missing"}
			}
		},
		{
			"from": [3.75, 6.825, 8.175],
			"to": [4.075, 7.15, 8.425],
			"faces": {
				"north": {"uv": [1.5, 2.5, 2, 3], "texture": "#1"},
				"east": {"uv": [1.5, 2.5, 2, 3], "texture": "#1"},
				"south": {"uv": [1.5, 2.5, 2, 3], "texture": "#1"},
				"west": {"uv": [1.5, 2.5, 2, 3], "texture": "#1"},
				"up": {"uv": [0, 0, 0.1625, 0.125], "texture": "#missing"},
				"down": {"uv": [1.5, 2.5, 2, 3], "texture": "#1"}
			}
		},
		{
			"from": [4.075, 7.475, 8.175],
			"to": [4.4, 7.8, 8.425],
			"faces": {
				"north": {"uv": [2, 1.5, 2.5, 2], "texture": "#1"},
				"east": {"uv": [0, 0, 0.125, 0.1625], "texture": "#missing"},
				"south": {"uv": [2, 1.5, 2.5, 2], "texture": "#1"},
				"west": {"uv": [0, 0, 0.125, 0.1625], "texture": "#missing"},
				"up": {"uv": [0, 0, 0.1625, 0.125], "texture": "#missing"},
				"down": {"uv": [0, 0, 0.1625, 0.125], "texture": "#missing"}
			}
		},
		{
			"from": [4.4, 7.475, 8.175],
			"to": [4.725, 7.8, 8.425],
			"faces": {
				"north": {"uv": [2.5, 1.5, 3, 2], "texture": "#1"},
				"east": {"uv": [2.5, 1.5, 3, 2], "texture": "#1"},
				"south": {"uv": [2.5, 1.5, 3, 2], "texture": "#1"},
				"west": {"uv": [0, 0, 0.125, 0.1625], "texture": "#missing"},
				"up": {"uv": [2.5, 1.5, 3, 2], "texture": "#1"},
				"down": {"uv": [2.5, 1.5, 3, 2], "texture": "#1"}
			}
		},
		{
			"from": [6.675, 3.575, 8.175],
			"to": [7, 3.9, 8.425],
			"faces": {
				"north": {"uv": [6, 7.5, 6.5, 8], "texture": "#1"},
				"east": {"uv": [6, 7.5, 6.5, 8], "texture": "#1"},
				"south": {"uv": [6, 7.5, 6.5, 8], "texture": "#1"},
				"west": {"uv": [6, 7.5, 6.5, 8], "texture": "#1"},
				"up": {"uv": [0, 0, 0.1625, 0.125], "texture": "#missing"},
				"down": {"uv": [6, 7.5, 6.5, 8], "texture": "#1"}
			}
		},
		{
			"from": [7.325, 3.575, 8.175],
			"to": [7.65, 3.9, 8.425],
			"faces": {
				"north": {"uv": [7, 7.5, 7.5, 8], "texture": "#1"},
				"east": {"uv": [7, 7.5, 7.5, 8], "texture": "#1"},
				"south": {"uv": [7, 7.5, 7.5, 8], "texture": "#1"},
				"west": {"uv": [7, 7.5, 7.5, 8], "texture": "#1"},
				"up": {"uv": [0, 0, 0.1625, 0.125], "texture": "#missing"},
				"down": {"uv": [7, 7.5, 7.5, 8], "texture": "#1"}
			}
		},
		{
			"from": [7.325, 3.9, 8.175],
			"to": [7.65, 4.225, 8.425],
			"faces": {
				"north": {"uv": [7, 7, 7.5, 7.5], "texture": "#1"},
				"east": {"uv": [0, 0, 0.125, 0.1625], "texture": "#missing"},
				"south": {"uv": [7, 7, 7.5, 7.5], "texture": "#1"},
				"west": {"uv": [0, 0, 0.125, 0.1625], "texture": "#missing"},
				"up": {"uv": [0, 0, 0.1625, 0.125], "texture": "#missing"},
				"down": {"uv": [0, 0, 0.1625, 0.125], "texture": "#missing"}
			}
		}
	],
	"gui_light": "front",
	"display": {
		"thirdperson_righthand": {
			"rotation": [-80, -100, -40],
			"translation": [0, -2, 1.75],
			"scale": [1.5, 1.5, 1.5]
		},
		"thirdperson_lefthand": {
			"rotation": [-80, -100, 50],
			"translation": [0, -2, 1.75],
			"scale": [1.5, 1.5, 1.5]
		},
		"firstperson_righthand": {
			"rotation": [0, -90, 25],
			"translation": [1.5, 3, 0.5],
			"scale": [1.2, 1.2, 1.2]
		},
		"firstperson_lefthand": {
			"rotation": [-140, -90, -25],
			"translation": [1.5, 3, 0.5],
			"scale": [1.2, 1.2, 1.2]
		},
		"ground": {
			"translation": [0, 1.5, 0],
			"scale": [0.75, 0.75, 0.75]
		},
		"gui": {
			"scale": [1.35, 1.35, 1.35]
		},
		"head": {
			"translation": [1.75, -17, 4.5],
			"scale": [2.25, 2.25, 2.25]
		},
		"fixed": {
			"rotation": [-180, 0, -180],
			"translation": [0, 0, -0.5],
			"scale": [1.7, 1.7, 1.7]
		}
	},
	"groups": [
		{
			"name": "bow_pulling_0",
			"origin": [0, 0, 0],
			"color": 0,
			"children": [0, 1, 2, 3, 4, 5, 6, 7, 8, 9, 10, 11, 12, 13, 14, 15, 16, 17, 18, 19, 20, 21, 22, 23, 24, 25, 26, 27, 28, 29, 30, 31, 32, 33, 34, 35, 36, 37, 38, 39, 40, 41, 42, 43, 44, 45, 46, 47, 48, 49, 50, 51, 52, 53, 54, 55, 56, 57, 58, 59]
		},
		{
			"name": "arrows_pulling_0",
			"origin": [8, 8, 8],
			"color": 0,
			"children": [
				{
					"name": "arrow",
					"origin": [0, 0, 0],
					"color": 0,
					"children": [60, 61, 62, 63, 64, 65, 66, 67, 68, 69, 70, 71, 72, 73, 74, 75, 76, 77, 78, 79, 80, 81, 82, 83, 84, 85, 86, 87, 88, 89, 90, 91, 92, 93, 94, 95, 96, 97, 98]
				},
				{
					"name": "arrow",
					"origin": [0, 0, 0],
					"color": 0,
					"children": [99, 100, 101, 102, 103, 104, 105, 106, 107, 108, 109, 110, 111, 112, 113, 114, 115, 116, 117, 118, 119, 120, 121, 122, 123, 124, 125, 126, 127, 128, 129, 130, 131, 132, 133, 134, 135, 136, 137]
				},
				{
					"name": "arrow",
					"origin": [0, 0, 0],
					"color": 0,
					"children": [138, 139, 140, 141, 142, 143, 144, 145, 146, 147, 148, 149, 150, 151, 152, 153, 154, 155, 156, 157, 158, 159, 160, 161, 162, 163, 164, 165, 166, 167, 168, 169, 170, 171, 172, 173, 174, 175, 176]
				}
			]
		}
	]
}