{
	"credit": "Model by Daniel Rose",
	"texture_size": [32, 32],
	"textures": {
		"0": "models/shotbow_bow",
		"1": "models/shotbow_arrow",
		"particle": "models/shotbow_bow"
	},
	"elements": [
		{
			"from": [3.5, 2.5, 7.575],
			"to": [4.5, 3, 8.175],
			"faces": {
				"north": {"uv": [0, 4.75, 0.5, 5], "texture": "#0"},
				"east": {"uv": [0, 0, 0.25, 0.25], "texture": "#0"},
				"south": {"uv": [0, 4.75, 0.5, 5], "texture": "#0"},
				"west": {"uv": [0, 4.75, 0.25, 5], "texture": "#0"},
				"up": {"uv": [0, 4.75, 0.5, 5], "texture": "#0"},
				"down": {"uv": [0, 4.75, 0.5, 5], "texture": "#0"}
			}
		},
		{
			"from": [4, 3, 7.575],
			"to": [5, 3.5, 8.175],
			"faces": {
				"north": {"uv": [0.25, 4.5, 0.75, 4.75], "texture": "#0"},
				"east": {"uv": [0, 0, 0.25, 0.25], "texture": "#0"},
				"south": {"uv": [0.25, 4.5, 0.75, 4.75], "texture": "#0"},
				"west": {"uv": [0.25, 4.5, 0.5, 4.75], "texture": "#0"},
				"up": {"uv": [0.25, 4.5, 0.75, 4.75], "texture": "#0"},
				"down": {"uv": [0, 0, 0.5, 0.25], "texture": "#0"}
			}
		},
		{
			"from": [4.5, 3.5, 7.575],
			"to": [5, 4.5, 8.175],
			"faces": {
				"north": {"uv": [0.5, 3.75, 0.75, 4.5], "texture": "#0"},
				"east": {"uv": [0, 0, 0.25, 0.75], "texture": "#0"},
				"south": {"uv": [0.5, 3.75, 0.75, 4.5], "texture": "#0"},
				"west": {"uv": [0.5, 3.75, 0.75, 4.5], "texture": "#0"},
				"up": {"uv": [0.5, 3.75, 0.75, 4], "texture": "#0"},
				"down": {"uv": [0, 0, 0.25, 0.25], "texture": "#0"}
			}
		},
		{
			"from": [4.5, 4.5, 7.575],
			"to": [5, 6.5, 8.175],
			"faces": {
				"north": {"uv": [0.75, 3.25, 1, 4], "texture": "#0"},
				"east": {"uv": [0, 0, 0.25, 0.75], "texture": "#0"},
				"south": {"uv": [0.75, 3.25, 1, 4], "texture": "#0"},
				"west": {"uv": [0.75, 3.25, 1, 4], "texture": "#0"},
				"up": {"uv": [0, 0, 0.25, 0.25], "texture": "#0"},
				"down": {"uv": [0, 0, 0.25, 0.25], "texture": "#0"}
			}
		},
		{
			"from": [5.5, 6, 7.575],
			"to": [6, 7.5, 8.175],
			"faces": {
				"north": {"uv": [1.25, 2.75, 1.5, 3.5], "texture": "#0"},
				"east": {"uv": [1.25, 2.75, 1.5, 3.5], "texture": "#0"},
				"south": {"uv": [1.25, 2.75, 1.5, 3.5], "texture": "#0"},
				"west": {"uv": [0, 0, 0.25, 0.75], "texture": "#0"},
				"up": {"uv": [0, 0, 0.25, 0.25], "texture": "#0"},
				"down": {"uv": [1.25, 2.75, 1.5, 3], "texture": "#0"}
			}
		},
		{
			"from": [5, 6, 7.575],
			"to": [5.5, 7, 8.175],
			"faces": {
				"north": {"uv": [1, 3, 1.25, 3.5], "texture": "#0"},
				"east": {"uv": [0, 0, 0.25, 0.5], "texture": "#0"},
				"south": {"uv": [1, 3, 1.25, 3.5], "texture": "#0"},
				"west": {"uv": [0, 0, 0.25, 0.5], "texture": "#0"},
				"up": {"uv": [0, 0, 0.25, 0.25], "texture": "#0"},
				"down": {"uv": [0, 0, 0.25, 0.25], "texture": "#0"}
			}
		},
		{
			"from": [5, 7, 7.575],
			"to": [5.5, 8, 8.175],
			"faces": {
				"north": {"uv": [1, 2.5, 1.25, 3], "texture": "#0"},
				"east": {"uv": [0, 0, 0.25, 0.5], "texture": "#0"},
				"south": {"uv": [1, 2.5, 1.25, 3], "texture": "#0"},
				"west": {"uv": [1, 2.5, 1.25, 3], "texture": "#0"},
				"up": {"uv": [0, 0, 0.25, 0.25], "texture": "#0"},
				"down": {"uv": [0, 0, 0.25, 0.25], "texture": "#0"}
			}
		},
		{
			"from": [4.5, 6.5, 7.575],
			"to": [5, 7.5, 8.175],
			"faces": {
				"north": {"uv": [0.75, 2.75, 1, 3.25], "texture": "#0"},
				"east": {"uv": [0, 0, 0.25, 0.5], "texture": "#0"},
				"south": {"uv": [0.75, 2.75, 1, 3.25], "texture": "#0"},
				"west": {"uv": [0.75, 2.75, 1, 3.25], "texture": "#0"},
				"up": {"uv": [0.75, 2.75, 1, 3], "texture": "#0"},
				"down": {"uv": [0, 0, 0.25, 0.25], "texture": "#0"}
			}
		},
		{
			"from": [5, 4.5, 7.575],
			"to": [5.5, 6, 8.175],
			"faces": {
				"north": {"uv": [1, 3.5, 1.25, 4], "texture": "#0"},
				"east": {"uv": [1, 3.5, 1.25, 4], "texture": "#0"},
				"south": {"uv": [1, 3.5, 1.25, 4], "texture": "#0"},
				"west": {"uv": [0, 0, 0.25, 0.5], "texture": "#0"},
				"up": {"uv": [0, 0, 0.25, 0.25], "texture": "#0"},
				"down": {"uv": [1, 3.5, 1.25, 3.75], "texture": "#0"}
			}
		},
		{
			"from": [5, 3, 7.575],
			"to": [5.5, 4.5, 8.175],
			"faces": {
				"north": {"uv": [0.75, 4, 1, 4.75], "texture": "#0"},
				"east": {"uv": [0.75, 4, 1, 4.75], "texture": "#0"},
				"south": {"uv": [0.75, 4, 1, 4.75], "texture": "#0"},
				"west": {"uv": [0, 0, 0.25, 0.75], "texture": "#0"},
				"up": {"uv": [0, 0, 0.25, 0.25], "texture": "#0"},
				"down": {"uv": [0.75, 4, 1, 4.25], "texture": "#0"}
			}
		},
		{
			"from": [4.5, 2.5, 7.575],
			"to": [5, 3, 8.175],
			"faces": {
				"north": {"uv": [0.5, 4.75, 0.75, 5], "texture": "#0"},
				"east": {"uv": [0.5, 4.75, 0.75, 5], "texture": "#0"},
				"south": {"uv": [0.5, 4.75, 0.75, 5], "texture": "#0"},
				"west": {"uv": [0, 0, 0.25, 0.25], "texture": "#0"},
				"up": {"uv": [0, 0, 0.25, 0.25], "texture": "#0"},
				"down": {"uv": [0.5, 4.75, 0.75, 5], "texture": "#0"}
			}
		},
		{
			"from": [5.5, 3.5, 7.575],
			"to": [6, 4, 8.175],
			"faces": {
				"north": {"uv": [1.25, 4, 1.5, 4.25], "texture": "#0"},
				"east": {"uv": [1.25, 4, 1.5, 4.25], "texture": "#0"},
				"south": {"uv": [1.25, 4, 1.5, 4.25], "texture": "#0"},
				"west": {"uv": [1.25, 4, 1.5, 4.25], "texture": "#0"},
				"up": {"uv": [1.25, 4, 1.5, 4.25], "texture": "#0"},
				"down": {"uv": [1.25, 4, 1.5, 4.25], "texture": "#0"}
			}
		},
		{
			"from": [6, 3.5, 7.575],
			"to": [6.5, 4, 8.175],
			"faces": {
				"north": {"uv": [1.5, 3.75, 1.75, 4], "texture": "#0"},
				"east": {"uv": [1.5, 3.75, 1.75, 4], "texture": "#0"},
				"south": {"uv": [1.5, 3.75, 1.75, 4], "texture": "#0"},
				"west": {"uv": [1.5, 3.75, 1.75, 4], "texture": "#0"},
				"up": {"uv": [1.5, 3.75, 1.75, 4], "texture": "#0"},
				"down": {"uv": [1.5, 3.75, 1.75, 4], "texture": "#0"}
			}
		},
		{
			"from": [6.5, 4, 7.575],
			"to": [7, 4.5, 8.175],
			"faces": {
				"north": {"uv": [1.75, 3.5, 2, 3.75], "texture": "#0"},
				"east": {"uv": [1.75, 3.5, 2, 3.75], "texture": "#0"},
				"south": {"uv": [1.75, 3.5, 2, 3.75], "texture": "#0"},
				"west": {"uv": [1.75, 3.5, 2, 3.75], "texture": "#0"},
				"up": {"uv": [1.75, 3.5, 2, 3.75], "texture": "#0"},
				"down": {"uv": [1.75, 3.5, 2, 3.75], "texture": "#0"}
			}
		},
		{
			"from": [7, 4, 7.575],
			"to": [7.5, 4.5, 8.175],
			"faces": {
				"north": {"uv": [2, 3.25, 2.25, 3.5], "texture": "#0"},
				"east": {"uv": [2, 3.25, 2.25, 3.5], "texture": "#0"},
				"south": {"uv": [2, 3.25, 2.25, 3.5], "texture": "#0"},
				"west": {"uv": [2, 3.25, 2.25, 3.5], "texture": "#0"},
				"up": {"uv": [2, 3.25, 2.25, 3.5], "texture": "#0"},
				"down": {"uv": [2, 3.25, 2.25, 3.5], "texture": "#0"}
			}
		},
		{
			"from": [7.5, 4, 7.575],
			"to": [8, 4.5, 8.175],
			"faces": {
				"north": {"uv": [2.25, 3, 2.5, 3.25], "texture": "#0"},
				"east": {"uv": [2.25, 3, 2.5, 3.25], "texture": "#0"},
				"south": {"uv": [2.25, 3, 2.5, 3.25], "texture": "#0"},
				"west": {"uv": [2.25, 3, 2.5, 3.25], "texture": "#0"},
				"up": {"uv": [2.25, 3, 2.5, 3.25], "texture": "#0"},
				"down": {"uv": [2.25, 3, 2.5, 3.25], "texture": "#0"}
			}
		},
		{
			"from": [8, 4.5, 7.575],
			"to": [8.5, 5, 8.175],
			"faces": {
				"north": {"uv": [2.5, 2.75, 2.75, 3], "texture": "#0"},
				"east": {"uv": [2.5, 2.75, 2.75, 3], "texture": "#0"},
				"south": {"uv": [2.5, 2.75, 2.75, 3], "texture": "#0"},
				"west": {"uv": [2.5, 2.75, 2.75, 3], "texture": "#0"},
				"up": {"uv": [2.5, 2.75, 2.75, 3], "texture": "#0"},
				"down": {"uv": [2.5, 2.75, 2.75, 3], "texture": "#0"}
			}
		},
		{
			"from": [8.5, 4.5, 7.575],
			"to": [9, 5, 8.175],
			"faces": {
				"north": {"uv": [2.5, 2.75, 2.75, 3], "texture": "#0"},
				"east": {"uv": [2.5, 2.75, 2.75, 3], "texture": "#0"},
				"south": {"uv": [2.5, 2.75, 2.75, 3], "texture": "#0"},
				"west": {"uv": [2.5, 2.75, 2.75, 3], "texture": "#0"},
				"up": {"uv": [2.5, 2.75, 2.75, 3], "texture": "#0"},
				"down": {"uv": [2.5, 2.75, 2.75, 3], "texture": "#0"}
			}
		},
		{
			"from": [9, 5, 7.575],
			"to": [9.5, 5.5, 8.175],
			"faces": {
				"north": {"uv": [2.5, 2.75, 2.75, 3], "texture": "#0"},
				"east": {"uv": [2.5, 2.75, 2.75, 3], "texture": "#0"},
				"south": {"uv": [2.5, 2.75, 2.75, 3], "texture": "#0"},
				"west": {"uv": [2.5, 2.75, 2.75, 3], "texture": "#0"},
				"up": {"uv": [2.5, 2.75, 2.75, 3], "texture": "#0"},
				"down": {"uv": [2.5, 2.75, 2.75, 3], "texture": "#0"}
			}
		},
		{
			"from": [9.5, 5.5, 7.575],
			"to": [10, 6, 8.175],
			"faces": {
				"north": {"uv": [2.75, 2.5, 3, 2.75], "texture": "#0"},
				"east": {"uv": [2.75, 2.5, 3, 2.75], "texture": "#0"},
				"south": {"uv": [2.75, 2.5, 3, 2.75], "texture": "#0"},
				"west": {"uv": [2.75, 2.5, 3, 2.75], "texture": "#0"},
				"up": {"uv": [2.75, 2.5, 3, 2.75], "texture": "#0"},
				"down": {"uv": [2.75, 2.5, 3, 2.75], "texture": "#0"}
			}
		},
		{
			"from": [10, 6, 7.575],
			"to": [10.5, 6.5, 8.175],
			"faces": {
				"north": {"uv": [2.75, 2.5, 3, 2.75], "texture": "#0"},
				"east": {"uv": [2.75, 2.5, 3, 2.75], "texture": "#0"},
				"south": {"uv": [2.75, 2.5, 3, 2.75], "texture": "#0"},
				"west": {"uv": [2.75, 2.5, 3, 2.75], "texture": "#0"},
				"up": {"uv": [2.75, 2.5, 3, 2.75], "texture": "#0"},
				"down": {"uv": [2.75, 2.5, 3, 2.75], "texture": "#0"}
			}
		},
		{
			"from": [10.5, 6.5, 7.575],
			"to": [11, 7, 8.175],
			"faces": {
				"north": {"uv": [2.75, 2.5, 3, 2.75], "texture": "#0"},
				"east": {"uv": [2.75, 2.5, 3, 2.75], "texture": "#0"},
				"south": {"uv": [2.75, 2.5, 3, 2.75], "texture": "#0"},
				"west": {"uv": [2.75, 2.5, 3, 2.75], "texture": "#0"},
				"up": {"uv": [2.75, 2.5, 3, 2.75], "texture": "#0"},
				"down": {"uv": [2.75, 2.5, 3, 2.75], "texture": "#0"}
			}
		},
		{
			"from": [11, 7, 7.575],
			"to": [11.5, 7.5, 8.175],
			"faces": {
				"north": {"uv": [2.75, 2.5, 3, 2.75], "texture": "#0"},
				"east": {"uv": [2.75, 2.5, 3, 2.75], "texture": "#0"},
				"south": {"uv": [2.75, 2.5, 3, 2.75], "texture": "#0"},
				"west": {"uv": [2.75, 2.5, 3, 2.75], "texture": "#0"},
				"up": {"uv": [2.75, 2.5, 3, 2.75], "texture": "#0"},
				"down": {"uv": [2.75, 2.5, 3, 2.75], "texture": "#0"}
			}
		},
		{
			"from": [11, 7.5, 7.575],
			"to": [11.5, 8, 8.175],
			"faces": {
				"north": {"uv": [2.75, 2.5, 3, 2.75], "texture": "#0"},
				"east": {"uv": [2.75, 2.5, 3, 2.75], "texture": "#0"},
				"south": {"uv": [2.75, 2.5, 3, 2.75], "texture": "#0"},
				"west": {"uv": [2.75, 2.5, 3, 2.75], "texture": "#0"},
				"up": {"uv": [2.75, 2.5, 3, 2.75], "texture": "#0"},
				"down": {"uv": [2.75, 2.5, 3, 2.75], "texture": "#0"}
			}
		},
		{
			"from": [11.5, 8, 7.575],
			"to": [12, 8.5, 8.175],
			"faces": {
				"north": {"uv": [3, 2.25, 3.25, 2.5], "texture": "#0"},
				"east": {"uv": [3, 2.25, 3.25, 2.5], "texture": "#0"},
				"south": {"uv": [3, 2.25, 3.25, 2.5], "texture": "#0"},
				"west": {"uv": [3, 2.25, 3.25, 2.5], "texture": "#0"},
				"up": {"uv": [3, 2.25, 3.25, 2.5], "texture": "#0"},
				"down": {"uv": [3, 2.25, 3.25, 2.5], "texture": "#0"}
			}
		},
		{
			"from": [11.5, 8.5, 7.575],
			"to": [12, 9, 8.175],
			"faces": {
				"north": {"uv": [3.25, 2, 3.5, 2.25], "texture": "#0"},
				"east": {"uv": [3.25, 2, 3.5, 2.25], "texture": "#0"},
				"south": {"uv": [3.25, 2, 3.5, 2.25], "texture": "#0"},
				"west": {"uv": [3.25, 2, 3.5, 2.25], "texture": "#0"},
				"up": {"uv": [3.25, 2, 3.5, 2.25], "texture": "#0"},
				"down": {"uv": [3.25, 2, 3.5, 2.25], "texture": "#0"}
			}
		},
		{
			"from": [11.5, 9, 7.575],
			"to": [12, 9.5, 8.175],
			"faces": {
				"north": {"uv": [3.5, 1.75, 3.75, 2], "texture": "#0"},
				"east": {"uv": [3.5, 1.75, 3.75, 2], "texture": "#0"},
				"south": {"uv": [3.5, 1.75, 3.75, 2], "texture": "#0"},
				"west": {"uv": [3.5, 1.75, 3.75, 2], "texture": "#0"},
				"up": {"uv": [3.5, 1.75, 3.75, 2], "texture": "#0"},
				"down": {"uv": [3.5, 1.75, 3.75, 2], "texture": "#0"}
			}
		},
		{
			"from": [12, 9.5, 7.575],
			"to": [12.5, 10, 8.175],
			"faces": {
				"north": {"uv": [3.75, 1.5, 4, 1.75], "texture": "#0"},
				"east": {"uv": [3.75, 1.5, 4, 1.75], "texture": "#0"},
				"south": {"uv": [3.75, 1.5, 4, 1.75], "texture": "#0"},
				"west": {"uv": [3.75, 1.5, 4, 1.75], "texture": "#0"},
				"up": {"uv": [3.75, 1.5, 4, 1.75], "texture": "#0"},
				"down": {"uv": [3.75, 1.5, 4, 1.75], "texture": "#0"}
			}
		},
		{
			"from": [12, 10, 7.575],
			"to": [12.5, 10.5, 8.175],
			"faces": {
				"north": {"uv": [4, 1.25, 4.25, 1.5], "texture": "#0"},
				"east": {"uv": [4, 1.25, 4.25, 1.5], "texture": "#0"},
				"south": {"uv": [4, 1.25, 4.25, 1.5], "texture": "#0"},
				"west": {"uv": [4, 1.25, 4.25, 1.5], "texture": "#0"},
				"up": {"uv": [4, 1.25, 4.25, 1.5], "texture": "#0"},
				"down": {"uv": [4, 1.25, 4.25, 1.5], "texture": "#0"}
			}
		},
		{
			"from": [13, 11, 7.575],
			"to": [13.5, 11.5, 8.175],
			"faces": {
				"north": {"uv": [4.75, 0.5, 5, 0.75], "texture": "#0"},
				"east": {"uv": [4.75, 0.5, 5, 0.75], "texture": "#0"},
				"south": {"uv": [4.75, 0.5, 5, 0.75], "texture": "#0"},
				"west": {"uv": [0, 0, 0.25, 0.25], "texture": "#0"},
				"up": {"uv": [0, 0, 0.25, 0.25], "texture": "#0"},
				"down": {"uv": [4.75, 0.5, 5, 0.75], "texture": "#0"}
			}
		},
		{
			"from": [13, 12, 7.575],
			"to": [13.5, 12.5, 8.175],
			"faces": {
				"north": {"uv": [4.75, 0, 5, 0.25], "texture": "#0"},
				"east": {"uv": [4.75, 0, 5, 0.25], "texture": "#0"},
				"south": {"uv": [4.75, 0, 5, 0.25], "texture": "#0"},
				"west": {"uv": [4.75, 0, 5, 0.25], "texture": "#0"},
				"up": {"uv": [4.75, 0, 5, 0.25], "texture": "#0"},
				"down": {"uv": [0, 0, 0.25, 0.25], "texture": "#0"}
			}
		},
		{
			"from": [5.5, 8, 7.575],
			"to": [6, 8.5, 8.175],
			"faces": {
				"north": {"uv": [1.25, 2.25, 1.5, 2.5], "texture": "#0"},
				"east": {"uv": [0, 0, 0.25, 0.25], "texture": "#0"},
				"south": {"uv": [1.25, 2.25, 1.5, 2.5], "texture": "#0"},
				"west": {"uv": [0, 0, 0.25, 0.25], "texture": "#0"},
				"up": {"uv": [0, 0, 0.25, 0.25], "texture": "#0"},
				"down": {"uv": [0, 0, 0.25, 0.25], "texture": "#0"}
			}
		},
		{
			"from": [5.5, 8.5, 7.575],
			"to": [6, 9, 8.175],
			"faces": {
				"north": {"uv": [1.25, 2, 1.5, 2.25], "texture": "#0"},
				"east": {"uv": [0, 0, 0.25, 0.25], "texture": "#0"},
				"south": {"uv": [1.25, 2, 1.5, 2.25], "texture": "#0"},
				"west": {"uv": [1.25, 2, 1.5, 2.25], "texture": "#0"},
				"up": {"uv": [1.25, 2, 1.5, 2.25], "texture": "#0"},
				"down": {"uv": [0, 0, 0.25, 0.25], "texture": "#0"}
			}
		},
		{
			"from": [6, 9, 7.575],
			"to": [6.5, 9.5, 8.175],
			"faces": {
				"north": {"uv": [1.5, 1.75, 1.75, 2], "texture": "#0"},
				"east": {"uv": [0, 0, 0.25, 0.25], "texture": "#0"},
				"south": {"uv": [1.5, 1.75, 1.75, 2], "texture": "#0"},
				"west": {"uv": [1.5, 1.75, 1.75, 2], "texture": "#0"},
				"up": {"uv": [1.5, 1.75, 1.75, 2], "texture": "#0"},
				"down": {"uv": [0, 0, 0.25, 0.25], "texture": "#0"}
			}
		},
		{
			"from": [6.5, 9.5, 7.575],
			"to": [7, 10, 8.175],
			"faces": {
				"north": {"uv": [1.75, 1.5, 2, 1.75], "texture": "#0"},
				"east": {"uv": [0, 0, 0.25, 0.25], "texture": "#0"},
				"south": {"uv": [1.75, 1.5, 2, 1.75], "texture": "#0"},
				"west": {"uv": [1.75, 1.5, 2, 1.75], "texture": "#0"},
				"up": {"uv": [1.75, 1.5, 2, 1.75], "texture": "#0"},
				"down": {"uv": [0, 0, 0.25, 0.25], "texture": "#0"}
			}
		},
		{
			"from": [7, 10, 7.575],
			"to": [7.5, 10.5, 8.175],
			"faces": {
				"north": {"uv": [2, 1.25, 2.25, 1.5], "texture": "#0"},
				"east": {"uv": [0, 0, 0.25, 0.25], "texture": "#0"},
				"south": {"uv": [2, 1.25, 2.25, 1.5], "texture": "#0"},
				"west": {"uv": [2, 1.25, 2.25, 1.5], "texture": "#0"},
				"up": {"uv": [2, 1.25, 2.25, 1.5], "texture": "#0"},
				"down": {"uv": [0, 0, 0.25, 0.25], "texture": "#0"}
			}
		},
		{
			"from": [7.5, 10.5, 7.575],
			"to": [8, 11, 8.175],
			"faces": {
				"north": {"uv": [2.25, 1, 2.5, 1.25], "texture": "#0"},
				"east": {"uv": [0, 0, 0.25, 0.25], "texture": "#0"},
				"south": {"uv": [2.25, 1, 2.5, 1.25], "texture": "#0"},
				"west": {"uv": [2.25, 1, 2.5, 1.25], "texture": "#0"},
				"up": {"uv": [2.25, 1, 2.5, 1.25], "texture": "#0"},
				"down": {"uv": [0, 0, 0.25, 0.25], "texture": "#0"}
			}
		},
		{
			"from": [5.5, 7.5, 7.575],
			"to": [6, 8, 8.175],
			"faces": {
				"north": {"uv": [1.25, 2.5, 1.5, 2.75], "texture": "#0"},
				"east": {"uv": [0, 0, 0.25, 0.25], "texture": "#0"},
				"south": {"uv": [1.25, 2.5, 1.5, 2.75], "texture": "#0"},
				"west": {"uv": [0, 0, 0.25, 0.25], "texture": "#0"},
				"up": {"uv": [0, 0, 0.25, 0.25], "texture": "#0"},
				"down": {"uv": [0, 0, 0.25, 0.25], "texture": "#0"}
			}
		},
		{
			"from": [5, 8, 7.575],
			"to": [5.5, 8.5, 8.175],
			"faces": {
				"north": {"uv": [1, 2.25, 1.25, 2.5], "texture": "#0"},
				"east": {"uv": [0, 0, 0.25, 0.25], "texture": "#0"},
				"south": {"uv": [1, 2.25, 1.25, 2.5], "texture": "#0"},
				"west": {"uv": [1, 2.25, 1.25, 2.5], "texture": "#0"},
				"up": {"uv": [1, 2.25, 1.25, 2.5], "texture": "#0"},
				"down": {"uv": [0, 0, 0.25, 0.25], "texture": "#0"}
			}
		},
		{
			"from": [6, 7.5, 7.575],
			"to": [6.5, 8, 8.175],
			"faces": {
				"north": {"uv": [1.5, 2.5, 1.75, 2.75], "texture": "#0"},
				"east": {"uv": [1.5, 2.5, 1.75, 2.75], "texture": "#0"},
				"south": {"uv": [1.5, 2.5, 1.75, 2.75], "texture": "#0"},
				"west": {"uv": [0, 0, 0.25, 0.25], "texture": "#0"},
				"up": {"uv": [0, 0, 0.25, 0.25], "texture": "#0"},
				"down": {"uv": [1.5, 2.5, 1.75, 2.75], "texture": "#0"}
			}
		},
		{
			"from": [6, 8, 7.575],
			"to": [6.5, 8.5, 8.175],
			"faces": {
				"north": {"uv": [1.5, 2.25, 1.75, 2.5], "texture": "#0"},
				"east": {"uv": [0, 0, 0.25, 0.25], "texture": "#0"},
				"south": {"uv": [1.5, 2.25, 1.75, 2.5], "texture": "#0"},
				"west": {"uv": [0, 0, 0.25, 0.25], "texture": "#0"},
				"up": {"uv": [0, 0, 0.25, 0.25], "texture": "#0"},
				"down": {"uv": [0, 0, 0.25, 0.25], "texture": "#0"}
			}
		},
		{
			"from": [6, 8.5, 7.575],
			"to": [6.5, 9, 8.175],
			"faces": {
				"north": {"uv": [1.5, 2, 1.75, 2.25], "texture": "#0"},
				"east": {"uv": [0, 0, 0.25, 0.25], "texture": "#0"},
				"south": {"uv": [1.5, 2, 1.75, 2.25], "texture": "#0"},
				"west": {"uv": [0, 0, 0.25, 0.25], "texture": "#0"},
				"up": {"uv": [0, 0, 0.25, 0.25], "texture": "#0"},
				"down": {"uv": [0, 0, 0.25, 0.25], "texture": "#0"}
			}
		},
		{
			"from": [6.5, 8.5, 7.575],
			"to": [7, 9, 8.175],
			"faces": {
				"north": {"uv": [1.75, 2, 2, 2.25], "texture": "#0"},
				"east": {"uv": [0, 0, 0.25, 0.25], "texture": "#0"},
				"south": {"uv": [1.75, 2, 2, 2.25], "texture": "#0"},
				"west": {"uv": [0, 0, 0.25, 0.25], "texture": "#0"},
				"up": {"uv": [0, 0, 0.25, 0.25], "texture": "#0"},
				"down": {"uv": [0, 0, 0.25, 0.25], "texture": "#0"}
			}
		},
		{
			"from": [6.5, 9, 7.575],
			"to": [7, 9.5, 8.175],
			"faces": {
				"north": {"uv": [1.75, 1.75, 2, 2], "texture": "#0"},
				"east": {"uv": [0, 0, 0.25, 0.25], "texture": "#0"},
				"south": {"uv": [1.75, 1.75, 2, 2], "texture": "#0"},
				"west": {"uv": [0, 0, 0.25, 0.25], "texture": "#0"},
				"up": {"uv": [0, 0, 0.25, 0.25], "texture": "#0"},
				"down": {"uv": [0, 0, 0.25, 0.25], "texture": "#0"}
			}
		},
		{
			"from": [7, 9, 7.575],
			"to": [7.5, 9.5, 8.175],
			"faces": {
				"north": {"uv": [2, 1.75, 2.25, 2], "texture": "#0"},
				"east": {"uv": [0, 0, 0.25, 0.25], "texture": "#0"},
				"south": {"uv": [2, 1.75, 2.25, 2], "texture": "#0"},
				"west": {"uv": [0, 0, 0.25, 0.25], "texture": "#0"},
				"up": {"uv": [0, 0, 0.25, 0.25], "texture": "#0"},
				"down": {"uv": [0, 0, 0.25, 0.25], "texture": "#0"}
			}
		},
		{
			"from": [7, 9.5, 7.575],
			"to": [7.5, 10, 8.175],
			"faces": {
				"north": {"uv": [2, 1.5, 2.25, 1.75], "texture": "#0"},
				"east": {"uv": [0, 0, 0.25, 0.25], "texture": "#0"},
				"south": {"uv": [2, 1.5, 2.25, 1.75], "texture": "#0"},
				"west": {"uv": [0, 0, 0.25, 0.25], "texture": "#0"},
				"up": {"uv": [0, 0, 0.25, 0.25], "texture": "#0"},
				"down": {"uv": [0, 0, 0.25, 0.25], "texture": "#0"}
			}
		},
		{
			"from": [7.5, 9.5, 7.575],
			"to": [8, 10, 8.175],
			"faces": {
				"north": {"uv": [2.25, 1.5, 2.5, 1.75], "texture": "#0"},
				"east": {"uv": [0, 0, 0.25, 0.25], "texture": "#0"},
				"south": {"uv": [2.25, 1.5, 2.5, 1.75], "texture": "#0"},
				"west": {"uv": [0, 0, 0.25, 0.25], "texture": "#0"},
				"up": {"uv": [0, 0, 0.25, 0.25], "texture": "#0"},
				"down": {"uv": [0, 0, 0.25, 0.25], "texture": "#0"}
			}
		},
		{
			"from": [7.5, 10, 7.575],
			"to": [8, 10.5, 8.175],
			"faces": {
				"north": {"uv": [2.25, 1.25, 2.5, 1.5], "texture": "#0"},
				"east": {"uv": [0, 0, 0.25, 0.25], "texture": "#0"},
				"south": {"uv": [2.25, 1.25, 2.5, 1.5], "texture": "#0"},
				"west": {"uv": [0, 0, 0.25, 0.25], "texture": "#0"},
				"up": {"uv": [0, 0, 0.25, 0.25], "texture": "#0"},
				"down": {"uv": [0, 0, 0.25, 0.25], "texture": "#0"}
			}
		},
		{
			"from": [8, 10, 7.575],
			"to": [8.5, 10.5, 8.175],
			"faces": {
				"north": {"uv": [2.5, 1.25, 2.75, 1.5], "texture": "#0"},
				"east": {"uv": [0, 0, 0.25, 0.25], "texture": "#0"},
				"south": {"uv": [2.5, 1.25, 2.75, 1.5], "texture": "#0"},
				"west": {"uv": [0, 0, 0.25, 0.25], "texture": "#0"},
				"up": {"uv": [0, 0, 0.25, 0.25], "texture": "#0"},
				"down": {"uv": [0, 0, 0.25, 0.25], "texture": "#0"}
			}
		},
		{
			"from": [8, 10.5, 7.575],
			"to": [9, 11, 8.175],
			"faces": {
				"north": {"uv": [2.5, 1, 3, 1.25], "texture": "#0"},
				"east": {"uv": [0, 0, 0.25, 0.25], "texture": "#0"},
				"south": {"uv": [2.5, 1, 3, 1.25], "texture": "#0"},
				"west": {"uv": [0, 0, 0.25, 0.25], "texture": "#0"},
				"up": {"uv": [2.5, 1, 3, 1.25], "texture": "#0"},
				"down": {"uv": [0, 0, 0.5, 0.25], "texture": "#0"}
			}
		},
		{
			"from": [9, 10.5, 7.575],
			"to": [10, 11, 8.175],
			"faces": {
				"north": {"uv": [3, 1, 3.5, 1.25], "texture": "#0"},
				"east": {"uv": [0, 0, 0.25, 0.25], "texture": "#0"},
				"south": {"uv": [3, 1, 3.5, 1.25], "texture": "#0"},
				"west": {"uv": [0, 0, 0.25, 0.25], "texture": "#0"},
				"up": {"uv": [0, 0, 0.5, 0.25], "texture": "#0"},
				"down": {"uv": [0, 0, 0.5, 0.25], "texture": "#0"}
			}
		},
		{
			"from": [9.5, 11, 7.575],
			"to": [11.5, 11.5, 8.175],
			"faces": {
				"north": {"uv": [3.25, 0.75, 4, 1], "texture": "#0"},
				"east": {"uv": [0, 0, 0.25, 0.25], "texture": "#0"},
				"south": {"uv": [3.25, 0.75, 4, 1], "texture": "#0"},
				"west": {"uv": [0, 0, 0.25, 0.25], "texture": "#0"},
				"up": {"uv": [3.25, 0.75, 4, 1], "texture": "#0"},
				"down": {"uv": [0, 0, 0.75, 0.25], "texture": "#0"}
			}
		},
		{
			"from": [11.5, 10.5, 7.575],
			"to": [13, 11, 8.175],
			"faces": {
				"north": {"uv": [4, 0.75, 4.75, 1], "texture": "#0"},
				"east": {"uv": [4.5, 0.75, 4.75, 1], "texture": "#0"},
				"south": {"uv": [4, 0.75, 4.75, 1], "texture": "#0"},
				"west": {"uv": [0, 0, 0.25, 0.25], "texture": "#0"},
				"up": {"uv": [0, 0, 0.75, 0.25], "texture": "#0"},
				"down": {"uv": [4, 0.75, 4.75, 1], "texture": "#0"}
			}
		},
		{
			"from": [8.5, 10, 7.575],
			"to": [10, 10.5, 8.175],
			"faces": {
				"north": {"uv": [2.75, 1.25, 3.5, 1.5], "texture": "#0"},
				"east": {"uv": [3.25, 1.25, 3.5, 1.5], "texture": "#0"},
				"south": {"uv": [2.75, 1.25, 3.5, 1.5], "texture": "#0"},
				"west": {"uv": [0, 0, 0.25, 0.25], "texture": "#0"},
				"up": {"uv": [0, 0, 0.75, 0.25], "texture": "#0"},
				"down": {"uv": [2.75, 1.25, 3.5, 1.5], "texture": "#0"}
			}
		},
		{
			"from": [10, 10.5, 7.575],
			"to": [11.5, 11, 8.175],
			"faces": {
				"north": {"uv": [3.5, 1, 4, 1.25], "texture": "#0"},
				"east": {"uv": [3.75, 1, 4, 1.25], "texture": "#0"},
				"south": {"uv": [3.5, 1, 4, 1.25], "texture": "#0"},
				"west": {"uv": [0, 0, 0.25, 0.25], "texture": "#0"},
				"up": {"uv": [0, 0, 0.5, 0.25], "texture": "#0"},
				"down": {"uv": [3.5, 1, 4, 1.25], "texture": "#0"}
			}
		},
		{
			"from": [8.5, 11, 7.575],
			"to": [9.5, 11.5, 8.175],
			"faces": {
				"north": {"uv": [2.75, 0.75, 3.25, 1], "texture": "#0"},
				"east": {"uv": [0, 0, 0.25, 0.25], "texture": "#0"},
				"south": {"uv": [2.75, 0.75, 3.25, 1], "texture": "#0"},
				"west": {"uv": [2.75, 0.75, 3, 1], "texture": "#0"},
				"up": {"uv": [2.75, 0.75, 3.25, 1], "texture": "#0"},
				"down": {"uv": [0, 0, 0.5, 0.25], "texture": "#0"}
			}
		},
		{
			"from": [12.5, 11.5, 7.575],
			"to": [13.5, 12, 8.175],
			"faces": {
				"north": {"uv": [4.5, 0.25, 5, 0.5], "texture": "#0"},
				"east": {"uv": [4.75, 0.25, 5, 0.5], "texture": "#0"},
				"south": {"uv": [4.5, 0.25, 5, 0.5], "texture": "#0"},
				"west": {"uv": [4.5, 0.25, 4.75, 0.5], "texture": "#0"},
				"up": {"uv": [4.5, 0.25, 5, 0.5], "texture": "#0"},
				"down": {"uv": [0, 0, 0.5, 0.25], "texture": "#0"}
			}
		},
		{
			"from": [11.5, 11, 7.575],
			"to": [13, 11.5, 8.175],
			"faces": {
				"north": {"uv": [3.75, 0.5, 4.75, 0.75], "texture": "#0"},
				"east": {"uv": [0, 0, 0.25, 0.25], "texture": "#0"},
				"south": {"uv": [3.75, 0.5, 4.75, 0.75], "texture": "#0"},
				"west": {"uv": [3.75, 0.5, 4, 0.75], "texture": "#0"},
				"up": {"uv": [3.75, 0.5, 4.75, 0.75], "texture": "#0"},
				"down": {"uv": [0, 0, 1, 0.25], "texture": "#0"}
			}
		},
		{
			"from": [8, 9.5, 7.575],
			"to": [8.5, 10, 8.175],
			"faces": {
				"north": {"uv": [2.5, 1.5, 2.75, 1.75], "texture": "#0"},
				"east": {"uv": [2.5, 1.5, 2.75, 1.75], "texture": "#0"},
				"south": {"uv": [2.5, 1.5, 2.75, 1.75], "texture": "#0"},
				"west": {"uv": [0, 0, 0.25, 0.25], "texture": "#0"},
				"up": {"uv": [0, 0, 0.25, 0.25], "texture": "#0"},
				"down": {"uv": [2.5, 1.5, 2.75, 1.75], "texture": "#0"}
			}
		},
		{
			"from": [7.5, 9, 7.575],
			"to": [8, 9.5, 8.175],
			"faces": {
				"north": {"uv": [2.25, 1.75, 2.5, 2], "texture": "#0"},
				"east": {"uv": [2.25, 1.75, 2.5, 2], "texture": "#0"},
				"south": {"uv": [2.25, 1.75, 2.5, 2], "texture": "#0"},
				"west": {"uv": [0, 0, 0.25, 0.25], "texture": "#0"},
				"up": {"uv": [0, 0, 0.25, 0.25], "texture": "#0"},
				"down": {"uv": [2.25, 1.75, 2.5, 2], "texture": "#0"}
			}
		},
		{
			"from": [7, 8.5, 7.575],
			"to": [7.5, 9, 8.175],
			"faces": {
				"north": {"uv": [2, 2, 2.25, 2.25], "texture": "#0"},
				"east": {"uv": [2, 2, 2.25, 2.25], "texture": "#0"},
				"south": {"uv": [2, 2, 2.25, 2.25], "texture": "#0"},
				"west": {"uv": [0, 0, 0.25, 0.25], "texture": "#0"},
				"up": {"uv": [0, 0, 0.25, 0.25], "texture": "#0"},
				"down": {"uv": [2, 2, 2.25, 2.25], "texture": "#0"}
			}
		},
		{
			"from": [6.5, 8, 7.575],
			"to": [7, 8.5, 8.175],
			"faces": {
				"north": {"uv": [1.75, 2.25, 2, 2.5], "texture": "#0"},
				"east": {"uv": [1.75, 2.25, 2, 2.5], "texture": "#0"},
				"south": {"uv": [1.75, 2.25, 2, 2.5], "texture": "#0"},
				"west": {"uv": [0, 0, 0.25, 0.25], "texture": "#0"},
				"up": {"uv": [0, 0, 0.25, 0.25], "texture": "#0"},
				"down": {"uv": [1.75, 2.25, 2, 2.5], "texture": "#0"}
			}
		},
		{
			"from": [12.925, 7.15, 8.175],
			"to": [13.25, 7.475, 8.425],
			"faces": {
				"north": {"uv": [7.5, 7, 8, 7.5], "texture": "#1"},
				"east": {"uv": [7.5, 7, 8, 7.5], "texture": "#1"},
				"south": {"uv": [7.5, 7, 8, 7.5], "texture": "#1"},
				"west": {"uv": [0, 0, 0.125, 0.1625], "texture": "#missing"},
				"up": {"uv": [7.5, 7, 8, 7.5], "texture": "#1"},
				"down": {"uv": [7.5, 7, 8, 7.5], "texture": "#1"}
			}
		},
		{
			"from": [12.6, 7.475, 8.175],
			"to": [12.925, 7.8, 8.425],
			"faces": {
				"north": {"uv": [7, 6.5, 7.5, 7], "texture": "#1"},
				"east": {"uv": [7, 6.5, 7.5, 7], "texture": "#1"},
				"south": {"uv": [7, 6.5, 7.5, 7], "texture": "#1"},
				"west": {"uv": [0, 0, 0.125, 0.1625], "texture": "#missing"},
				"up": {"uv": [0, 0, 0.1625, 0.125], "texture": "#missing"},
				"down": {"uv": [0, 0, 0.1625, 0.125], "texture": "#missing"}
			}
		},
		{
			"from": [12.6, 7.8, 8.175],
			"to": [12.925, 8.125, 8.425],
			"faces": {
				"north": {"uv": [7, 6, 7.5, 6.5], "texture": "#1"},
				"east": {"uv": [0, 0, 0.125, 0.1625], "texture": "#missing"},
				"south": {"uv": [7, 6, 7.5, 6.5], "texture": "#1"},
				"west": {"uv": [0, 0, 0.125, 0.1625], "texture": "#missing"},
				"up": {"uv": [7, 6, 7.5, 6.5], "texture": "#1"},
				"down": {"uv": [0, 0, 0.1625, 0.125], "texture": "#missing"}
			}
		},
		{
			"from": [12.925, 7.8, 8.175],
			"to": [13.25, 8.125, 8.425],
			"faces": {
				"north": {"uv": [7.5, 6, 8, 6.5], "texture": "#1"},
				"east": {"uv": [7.5, 6, 8, 6.5], "texture": "#1"},
				"south": {"uv": [7.5, 6, 8, 6.5], "texture": "#1"},
				"west": {"uv": [0, 0, 0.125, 0.1625], "texture": "#missing"},
				"up": {"uv": [7.5, 6, 8, 6.5], "texture": "#1"},
				"down": {"uv": [7.5, 6, 8, 6.5], "texture": "#1"}
			}
		},
		{
			"from": [12.275, 7.8, 8.175],
			"to": [12.6, 8.125, 8.425],
			"faces": {
				"north": {"uv": [6.5, 6, 7, 6.5], "texture": "#1"},
				"east": {"uv": [0, 0, 0.125, 0.1625], "texture": "#missing"},
				"south": {"uv": [6.5, 6, 7, 6.5], "texture": "#1"},
				"west": {"uv": [0, 0, 0.125, 0.1625], "texture": "#missing"},
				"up": {"uv": [6.5, 6, 7, 6.5], "texture": "#1"},
				"down": {"uv": [0, 0, 0.1625, 0.125], "texture": "#missing"}
			}
		},
		{
			"from": [12.275, 7.475, 8.175],
			"to": [12.6, 7.8, 8.425],
			"faces": {
				"north": {"uv": [6.5, 6.5, 7, 7], "texture": "#1"},
				"east": {"uv": [0, 0, 0.125, 0.1625], "texture": "#missing"},
				"south": {"uv": [6.5, 6.5, 7, 7], "texture": "#1"},
				"west": {"uv": [0, 0, 0.125, 0.1625], "texture": "#missing"},
				"up": {"uv": [0, 0, 0.1625, 0.125], "texture": "#missing"},
				"down": {"uv": [0, 0, 0.1625, 0.125], "texture": "#missing"}
			}
		},
		{
			"from": [12.275, 7.15, 8.175],
			"to": [12.6, 7.475, 8.425],
			"faces": {
				"north": {"uv": [6.5, 7, 7, 7.5], "texture": "#1"},
				"east": {"uv": [0, 0, 0.125, 0.1625], "texture": "#missing"},
				"south": {"uv": [6.5, 7, 7, 7.5], "texture": "#1"},
				"west": {"uv": [0, 0, 0.125, 0.1625], "texture": "#missing"},
				"up": {"uv": [0, 0, 0.1625, 0.125], "texture": "#missing"},
				"down": {"uv": [6.5, 7, 7, 7.5], "texture": "#1"}
			}
		},
		{
			"from": [11.95, 7.15, 8.175],
			"to": [12.275, 7.475, 8.425],
			"faces": {
				"north": {"uv": [6, 7, 6.5, 7.5], "texture": "#1"},
				"east": {"uv": [0, 0, 0.125, 0.1625], "texture": "#missing"},
				"south": {"uv": [6, 7, 6.5, 7.5], "texture": "#1"},
				"west": {"uv": [6, 7, 6.5, 7.5], "texture": "#1"},
				"up": {"uv": [0, 0, 0.1625, 0.125], "texture": "#missing"},
				"down": {"uv": [0, 0, 0.1625, 0.125], "texture": "#missing"}
			}
		},
		{
			"from": [11.95, 7.475, 8.175],
			"to": [12.275, 7.8, 8.425],
			"faces": {
				"north": {"uv": [6, 6.5, 6.5, 7], "texture": "#1"},
				"east": {"uv": [0, 0, 0.125, 0.1625], "texture": "#missing"},
				"south": {"uv": [6, 6.5, 6.5, 7], "texture": "#1"},
				"west": {"uv": [6, 6.5, 6.5, 7], "texture": "#1"},
				"up": {"uv": [0, 0, 0.1625, 0.125], "texture": "#missing"},
				"down": {"uv": [0, 0, 0.1625, 0.125], "texture": "#missing"}
			}
		},
		{
			"from": [11.7878, 7.9625, 8.1751],
			"to": [12.1128, 8.2875, 8.4249],
			"faces": {
				"north": {"uv": [6, 5.75, 6.25, 6], "texture": "#1"},
				"east": {"uv": [6, 5.75, 6.25, 6], "texture": "#1"},
				"south": {"uv": [6, 5.75, 6.25, 6], "texture": "#1"},
				"west": {"uv": [6, 5.75, 6.25, 6], "texture": "#1"},
				"up": {"uv": [6, 5.75, 6.25, 6], "texture": "#1"},
				"down": {"uv": [6, 5.75, 6.25, 6], "texture": "#1"}
			}
		},
		{
			"from": [11.1378, 8.6125, 8.1751],
			"to": [11.4628, 8.9375, 8.4249],
			"faces": {
				"north": {"uv": [5, 4.75, 5.25, 5], "texture": "#1"},
				"east": {"uv": [5, 4.75, 5.25, 5], "texture": "#1"},
				"south": {"uv": [5, 4.75, 5.25, 5], "texture": "#1"},
				"west": {"uv": [5, 4.75, 5.25, 5], "texture": "#1"},
				"up": {"uv": [5, 4.75, 5.25, 5], "texture": "#1"},
				"down": {"uv": [5, 4.75, 5.25, 5], "texture": "#1"}
			}
		},
		{
			"from": [10.4878, 9.2625, 8.1751],
			"to": [10.8128, 9.5875, 8.4249],
			"faces": {
				"north": {"uv": [4, 3.75, 4.25, 4], "texture": "#1"},
				"east": {"uv": [4, 3.75, 4.25, 4], "texture": "#1"},
				"south": {"uv": [4, 3.75, 4.25, 4], "texture": "#1"},
				"west": {"uv": [4, 3.75, 4.25, 4], "texture": "#1"},
				"up": {"uv": [4, 3.75, 4.25, 4], "texture": "#1"},
				"down": {"uv": [4, 3.75, 4.25, 4], "texture": "#1"}
			}
		},
		{
			"from": [9.8378, 9.9125, 8.1751],
			"to": [10.1628, 10.2375, 8.4249],
			"faces": {
				"north": {"uv": [3, 2.75, 3.25, 3], "texture": "#1"},
				"east": {"uv": [3, 2.75, 3.25, 3], "texture": "#1"},
				"south": {"uv": [3, 2.75, 3.25, 3], "texture": "#1"},
				"west": {"uv": [3, 2.75, 3.25, 3], "texture": "#1"},
				"up": {"uv": [3, 2.75, 3.25, 3], "texture": "#1"},
				"down": {"uv": [3, 2.75, 3.25, 3], "texture": "#1"}
			}
		},
		{
			"from": [11.4628, 8.2875, 8.1751],
			"to": [11.7878, 8.6125, 8.4249],
			"faces": {
				"north": {"uv": [5.5, 5.25, 5.75, 5.5], "texture": "#1"},
				"east": {"uv": [5.5, 5.25, 5.75, 5.5], "texture": "#1"},
				"south": {"uv": [5.5, 5.25, 5.75, 5.5], "texture": "#1"},
				"west": {"uv": [5.5, 5.25, 5.75, 5.5], "texture": "#1"},
				"up": {"uv": [5.5, 5.25, 5.75, 5.5], "texture": "#1"},
				"down": {"uv": [5.5, 5.25, 5.75, 5.5], "texture": "#1"}
			}
		},
		{
			"from": [10.8128, 8.9375, 8.1751],
			"to": [11.1378, 9.2625, 8.4249],
			"faces": {
				"north": {"uv": [4.5, 4.25, 4.75, 4.5], "texture": "#1"},
				"east": {"uv": [4.5, 4.25, 4.75, 4.5], "texture": "#1"},
				"south": {"uv": [4.5, 4.25, 4.75, 4.5], "texture": "#1"},
				"west": {"uv": [4.5, 4.25, 4.75, 4.5], "texture": "#1"},
				"up": {"uv": [4.5, 4.25, 4.75, 4.5], "texture": "#1"},
				"down": {"uv": [4.5, 4.25, 4.75, 4.5], "texture": "#1"}
			}
		},
		{
			"from": [10.1628, 9.5875, 8.1751],
			"to": [10.4878, 9.9125, 8.4249],
			"faces": {
				"north": {"uv": [3.5, 3.25, 3.75, 3.5], "texture": "#1"},
				"east": {"uv": [3.5, 3.25, 3.75, 3.5], "texture": "#1"},
				"south": {"uv": [3.5, 3.25, 3.75, 3.5], "texture": "#1"},
				"west": {"uv": [3.5, 3.25, 3.75, 3.5], "texture": "#1"},
				"up": {"uv": [3.5, 3.25, 3.75, 3.5], "texture": "#1"},
				"down": {"uv": [3.5, 3.25, 3.75, 3.5], "texture": "#1"}
			}
		},
		{
			"from": [9.5128, 10.2375, 8.1751],
			"to": [9.8378, 10.5625, 8.4249],
			"faces": {
				"north": {"uv": [2.5, 2.25, 2.75, 2.5], "texture": "#1"},
				"east": {"uv": [2.5, 2.25, 2.75, 2.5], "texture": "#1"},
				"south": {"uv": [2.5, 2.25, 2.75, 2.5], "texture": "#1"},
				"west": {"uv": [2.5, 2.25, 2.75, 2.5], "texture": "#1"},
				"up": {"uv": [2.5, 2.25, 2.75, 2.5], "texture": "#1"},
				"down": {"uv": [2.5, 2.25, 2.75, 2.5], "texture": "#1"}
			}
		},
		{
			"from": [11.95, 7.8, 8.175],
			"to": [12.275, 8.125, 8.425],
			"faces": {
				"north": {"uv": [6, 6, 6.5, 6.5], "texture": "#1"},
				"east": {"uv": [0, 0, 0.125, 0.1625], "texture": "#missing"},
				"south": {"uv": [6, 6, 6.5, 6.5], "texture": "#1"},
				"west": {"uv": [6, 6, 6.5, 6.5], "texture": "#1"},
				"up": {"uv": [6, 6, 6.5, 6.5], "texture": "#1"},
				"down": {"uv": [0, 0, 0.1625, 0.125], "texture": "#missing"}
			}
		},
		{
			"from": [11.625, 8.125, 8.175],
			"to": [11.95, 8.45, 8.425],
			"faces": {
				"north": {"uv": [5.5, 5.5, 6, 6], "texture": "#1"},
				"east": {"uv": [5.5, 5.5, 6, 6], "texture": "#1"},
				"south": {"uv": [5.5, 5.5, 6, 6], "texture": "#1"},
				"west": {"uv": [5.5, 5.5, 6, 6], "texture": "#1"},
				"up": {"uv": [5.5, 5.5, 6, 6], "texture": "#1"},
				"down": {"uv": [5.5, 5.5, 6, 6], "texture": "#1"}
			}
		},
		{
			"from": [10.975, 8.775, 8.175],
			"to": [11.3, 9.1, 8.425],
			"faces": {
				"north": {"uv": [4.5, 4.5, 5, 5], "texture": "#1"},
				"east": {"uv": [4.5, 4.5, 5, 5], "texture": "#1"},
				"south": {"uv": [4.5, 4.5, 5, 5], "texture": "#1"},
				"west": {"uv": [4.5, 4.5, 5, 5], "texture": "#1"},
				"up": {"uv": [4.5, 4.5, 5, 5], "texture": "#1"},
				"down": {"uv": [4.5, 4.5, 5, 5], "texture": "#1"}
			}
		},
		{
			"from": [10.325, 9.425, 8.175],
			"to": [10.65, 9.75, 8.425],
			"faces": {
				"north": {"uv": [3.5, 3.5, 4, 4], "texture": "#1"},
				"east": {"uv": [3.5, 3.5, 4, 4], "texture": "#1"},
				"south": {"uv": [3.5, 3.5, 4, 4], "texture": "#1"},
				"west": {"uv": [3.5, 3.5, 4, 4], "texture": "#1"},
				"up": {"uv": [3.5, 3.5, 4, 4], "texture": "#1"},
				"down": {"uv": [3.5, 3.5, 4, 4], "texture": "#1"}
			}
		},
		{
			"from": [9.675, 10.075, 8.175],
			"to": [10, 10.4, 8.425],
			"faces": {
				"north": {"uv": [2.5, 2.5, 3, 3], "texture": "#1"},
				"east": {"uv": [2.5, 2.5, 3, 3], "texture": "#1"},
				"south": {"uv": [2.5, 2.5, 3, 3], "texture": "#1"},
				"west": {"uv": [2.5, 2.5, 3, 3], "texture": "#1"},
				"up": {"uv": [2.5, 2.5, 3, 3], "texture": "#1"},
				"down": {"uv": [2.5, 2.5, 3, 3], "texture": "#1"}
			}
		},
		{
			"from": [11.3, 8.45, 8.175],
			"to": [11.625, 8.775, 8.425],
			"faces": {
				"north": {"uv": [5, 5, 5.5, 5.5], "texture": "#1"},
				"east": {"uv": [5, 5, 5.5, 5.5], "texture": "#1"},
				"south": {"uv": [5, 5, 5.5, 5.5], "texture": "#1"},
				"west": {"uv": [5, 5, 5.5, 5.5], "texture": "#1"},
				"up": {"uv": [5, 5, 5.5, 5.5], "texture": "#1"},
				"down": {"uv": [5, 5, 5.5, 5.5], "texture": "#1"}
			}
		},
		{
			"from": [10.65, 9.1, 8.175],
			"to": [10.975, 9.425, 8.425],
			"faces": {
				"north": {"uv": [4, 4, 4.5, 4.5], "texture": "#1"},
				"east": {"uv": [4, 4, 4.5, 4.5], "texture": "#1"},
				"south": {"uv": [4, 4, 4.5, 4.5], "texture": "#1"},
				"west": {"uv": [4, 4, 4.5, 4.5], "texture": "#1"},
				"up": {"uv": [4, 4, 4.5, 4.5], "texture": "#1"},
				"down": {"uv": [4, 4, 4.5, 4.5], "texture": "#1"}
			}
		},
		{
			"from": [10, 9.75, 8.175],
			"to": [10.325, 10.075, 8.425],
			"faces": {
				"north": {"uv": [3, 3, 3.5, 3.5], "texture": "#1"},
				"east": {"uv": [3, 3, 3.5, 3.5], "texture": "#1"},
				"south": {"uv": [3, 3, 3.5, 3.5], "texture": "#1"},
				"west": {"uv": [3, 3, 3.5, 3.5], "texture": "#1"},
				"up": {"uv": [3, 3, 3.5, 3.5], "texture": "#1"},
				"down": {"uv": [3, 3, 3.5, 3.5], "texture": "#1"}
			}
		},
		{
			"from": [9.35, 10.4, 8.175],
			"to": [9.675, 10.725, 8.425],
			"faces": {
				"north": {"uv": [2, 2, 2.5, 2.5], "texture": "#1"},
				"east": {"uv": [2, 2, 2.5, 2.5], "texture": "#1"},
				"south": {"uv": [2, 2, 2.5, 2.5], "texture": "#1"},
				"west": {"uv": [0, 0, 0.125, 0.1625], "texture": "#missing"},
				"up": {"uv": [0, 0, 0.1625, 0.125], "texture": "#missing"},
				"down": {"uv": [2, 2, 2.5, 2.5], "texture": "#1"}
			}
		},
		{
			"from": [9.025, 10.725, 8.175],
			"to": [9.35, 11.05, 8.425],
			"faces": {
				"north": {"uv": [1.5, 1.5, 2, 2], "texture": "#1"},
				"east": {"uv": [0, 0, 0.125, 0.1625], "texture": "#missing"},
				"south": {"uv": [1.5, 1.5, 2, 2], "texture": "#1"},
				"west": {"uv": [0, 0, 0.125, 0.1625], "texture": "#missing"},
				"up": {"uv": [0, 0, 0.1625, 0.125], "texture": "#missing"},
				"down": {"uv": [0, 0, 0.1625, 0.125], "texture": "#missing"}
			}
		},
		{
			"from": [9.025, 10.4, 8.175],
			"to": [9.35, 10.725, 8.425],
			"faces": {
				"north": {"uv": [1.5, 2, 2, 2.5], "texture": "#1"},
				"east": {"uv": [0, 0, 0.125, 0.1625], "texture": "#missing"},
				"south": {"uv": [1.5, 2, 2, 2.5], "texture": "#1"},
				"west": {"uv": [0, 0, 0.125, 0.1625], "texture": "#missing"},
				"up": {"uv": [0, 0, 0.1625, 0.125], "texture": "#missing"},
				"down": {"uv": [0, 0, 0.1625, 0.125], "texture": "#missing"}
			}
		},
		{
			"from": [8.7, 10.4, 8.175],
			"to": [9.025, 10.725, 8.425],
			"faces": {
				"north": {"uv": [1, 2, 1.5, 2.5], "texture": "#1"},
				"east": {"uv": [0, 0, 0.125, 0.1625], "texture": "#missing"},
				"south": {"uv": [1, 2, 1.5, 2.5], "texture": "#1"},
				"west": {"uv": [1, 2, 1.5, 2.5], "texture": "#1"},
				"up": {"uv": [0, 0, 0.1625, 0.125], "texture": "#missing"},
				"down": {"uv": [1, 2, 1.5, 2.5], "texture": "#1"}
			}
		},
		{
			"from": [8.7, 10.725, 8.175],
			"to": [9.025, 11.05, 8.425],
			"faces": {
				"north": {"uv": [1, 1.5, 1.5, 2], "texture": "#1"},
				"east": {"uv": [0, 0, 0.125, 0.1625], "texture": "#missing"},
				"south": {"uv": [1, 1.5, 1.5, 2], "texture": "#1"},
				"west": {"uv": [1, 1.5, 1.5, 2], "texture": "#1"},
				"up": {"uv": [0, 0, 0.1625, 0.125], "texture": "#missing"},
				"down": {"uv": [0, 0, 0.1625, 0.125], "texture": "#missing"}
			}
		},
		{
			"from": [8.7, 11.05, 8.175],
			"to": [9.025, 11.375, 8.425],
			"faces": {
				"north": {"uv": [1, 1, 1.5, 1.5], "texture": "#1"},
				"east": {"uv": [0, 0, 0.125, 0.1625], "texture": "#missing"},
				"south": {"uv": [1, 1, 1.5, 1.5], "texture": "#1"},
				"west": {"uv": [1, 1, 1.5, 1.5], "texture": "#1"},
				"up": {"uv": [1, 1, 1.5, 1.5], "texture": "#1"},
				"down": {"uv": [0, 0, 0.1625, 0.125], "texture": "#missing"}
			}
		},
		{
			"from": [9.025, 11.05, 8.175],
			"to": [9.35, 11.375, 8.425],
			"faces": {
				"north": {"uv": [1.5, 1, 2, 1.5], "texture": "#1"},
				"east": {"uv": [0, 0, 0.125, 0.1625], "texture": "#missing"},
				"south": {"uv": [1.5, 1, 2, 1.5], "texture": "#1"},
				"west": {"uv": [0, 0, 0.125, 0.1625], "texture": "#missing"},
				"up": {"uv": [1.5, 1, 2, 1.5], "texture": "#1"},
				"down": {"uv": [0, 0, 0.1625, 0.125], "texture": "#missing"}
			}
		},
		{
			"from": [9.35, 11.05, 8.175],
			"to": [9.675, 11.375, 8.425],
			"faces": {
				"north": {"uv": [2, 1, 2.5, 1.5], "texture": "#1"},
				"east": {"uv": [2, 1, 2.5, 1.5], "texture": "#1"},
				"south": {"uv": [2, 1, 2.5, 1.5], "texture": "#1"},
				"west": {"uv": [0, 0, 0.125, 0.1625], "texture": "#missing"},
				"up": {"uv": [2, 1, 2.5, 1.5], "texture": "#1"},
				"down": {"uv": [0, 0, 0.1625, 0.125], "texture": "#missing"}
			}
		},
		{
			"from": [9.025, 10.075, 8.175],
			"to": [9.35, 10.4, 8.425],
			"faces": {
				"north": {"uv": [1.5, 2.5, 2, 3], "texture": "#1"},
				"east": {"uv": [1.5, 2.5, 2, 3], "texture": "#1"},
				"south": {"uv": [1.5, 2.5, 2, 3], "texture": "#1"},
				"west": {"uv": [1.5, 2.5, 2, 3], "texture": "#1"},
				"up": {"uv": [0, 0, 0.1625, 0.125], "texture": "#missing"},
				"down": {"uv": [1.5, 2.5, 2, 3], "texture": "#1"}
			}
		},
		{
			"from": [9.35, 10.725, 8.175],
			"to": [9.675, 11.05, 8.425],
			"faces": {
				"north": {"uv": [2, 1.5, 2.5, 2], "texture": "#1"},
				"east": {"uv": [0, 0, 0.125, 0.1625], "texture": "#missing"},
				"south": {"uv": [2, 1.5, 2.5, 2], "texture": "#1"},
				"west": {"uv": [0, 0, 0.125, 0.1625], "texture": "#missing"},
				"up": {"uv": [0, 0, 0.1625, 0.125], "texture": "#missing"},
				"down": {"uv": [0, 0, 0.1625, 0.125], "texture": "#missing"}
			}
		},
		{
			"from": [9.675, 10.725, 8.175],
			"to": [10, 11.05, 8.425],
			"faces": {
				"north": {"uv": [2.5, 1.5, 3, 2], "texture": "#1"},
				"east": {"uv": [2.5, 1.5, 3, 2], "texture": "#1"},
				"south": {"uv": [2.5, 1.5, 3, 2], "texture": "#1"},
				"west": {"uv": [0, 0, 0.125, 0.1625], "texture": "#missing"},
				"up": {"uv": [2.5, 1.5, 3, 2], "texture": "#1"},
				"down": {"uv": [2.5, 1.5, 3, 2], "texture": "#1"}
			}
		},
		{
			"from": [11.95, 6.825, 8.175],
			"to": [12.275, 7.15, 8.425],
			"faces": {
				"north": {"uv": [6, 7.5, 6.5, 8], "texture": "#1"},
				"east": {"uv": [6, 7.5, 6.5, 8], "texture": "#1"},
				"south": {"uv": [6, 7.5, 6.5, 8], "texture": "#1"},
				"west": {"uv": [6, 7.5, 6.5, 8], "texture": "#1"},
				"up": {"uv": [0, 0, 0.1625, 0.125], "texture": "#missing"},
				"down": {"uv": [6, 7.5, 6.5, 8], "texture": "#1"}
			}
		},
		{
			"from": [12.6, 6.825, 8.175],
			"to": [12.925, 7.15, 8.425],
			"faces": {
				"north": {"uv": [7, 7.5, 7.5, 8], "texture": "#1"},
				"east": {"uv": [7, 7.5, 7.5, 8], "texture": "#1"},
				"south": {"uv": [7, 7.5, 7.5, 8], "texture": "#1"},
				"west": {"uv": [7, 7.5, 7.5, 8], "texture": "#1"},
				"up": {"uv": [0, 0, 0.1625, 0.125], "texture": "#missing"},
				"down": {"uv": [7, 7.5, 7.5, 8], "texture": "#1"}
			}
		},
		{
			"from": [12.6, 7.15, 8.175],
			"to": [12.925, 7.475, 8.425],
			"faces": {
				"north": {"uv": [7, 7, 7.5, 7.5], "texture": "#1"},
				"east": {"uv": [0, 0, 0.125, 0.1625], "texture": "#missing"},
				"south": {"uv": [7, 7, 7.5, 7.5], "texture": "#1"},
				"west": {"uv": [0, 0, 0.125, 0.1625], "texture": "#missing"},
				"up": {"uv": [0, 0, 0.1625, 0.125], "texture": "#missing"},
				"down": {"uv": [0, 0, 0.1625, 0.125], "texture": "#missing"}
			}
		},
		{
			"from": [9.675, 5.85, 8.175],
			"to": [10, 6.175, 8.425],
			"faces": {
				"north": {"uv": [7.5, 7, 8, 7.5], "texture": "#1"},
				"east": {"uv": [7.5, 7, 8, 7.5], "texture": "#1"},
				"south": {"uv": [7.5, 7, 8, 7.5], "texture": "#1"},
				"west": {"uv": [0, 0, 0.125, 0.1625], "texture": "#missing"},
				"up": {"uv": [7.5, 7, 8, 7.5], "texture": "#1"},
				"down": {"uv": [7.5, 7, 8, 7.5], "texture": "#1"}
			}
		},
		{
			"from": [9.35, 6.175, 8.175],
			"to": [9.675, 6.5, 8.425],
			"faces": {
				"north": {"uv": [7, 6.5, 7.5, 7], "texture": "#1"},
				"east": {"uv": [7, 6.5, 7.5, 7], "texture": "#1"},
				"south": {"uv": [7, 6.5, 7.5, 7], "texture": "#1"},
				"west": {"uv": [0, 0, 0.125, 0.1625], "texture": "#missing"},
				"up": {"uv": [0, 0, 0.1625, 0.125], "texture": "#missing"},
				"down": {"uv": [0, 0, 0.1625, 0.125], "texture": "#missing"}
			}
		},
		{
			"from": [9.35, 6.5, 8.175],
			"to": [9.675, 6.825, 8.425],
			"faces": {
				"north": {"uv": [7, 6, 7.5, 6.5], "texture": "#1"},
				"east": {"uv": [0, 0, 0.125, 0.1625], "texture": "#missing"},
				"south": {"uv": [7, 6, 7.5, 6.5], "texture": "#1"},
				"west": {"uv": [0, 0, 0.125, 0.1625], "texture": "#missing"},
				"up": {"uv": [7, 6, 7.5, 6.5], "texture": "#1"},
				"down": {"uv": [0, 0, 0.1625, 0.125], "texture": "#missing"}
			}
		},
		{
			"from": [9.675, 6.5, 8.175],
			"to": [10, 6.825, 8.425],
			"faces": {
				"north": {"uv": [7.5, 6, 8, 6.5], "texture": "#1"},
				"east": {"uv": [7.5, 6, 8, 6.5], "texture": "#1"},
				"south": {"uv": [7.5, 6, 8, 6.5], "texture": "#1"},
				"west": {"uv": [0, 0, 0.125, 0.1625], "texture": "#missing"},
				"up": {"uv": [7.5, 6, 8, 6.5], "texture": "#1"},
				"down": {"uv": [7.5, 6, 8, 6.5], "texture": "#1"}
			}
		},
		{
			"from": [9.025, 6.5, 8.175],
			"to": [9.35, 6.825, 8.425],
			"faces": {
				"north": {"uv": [6.5, 6, 7, 6.5], "texture": "#1"},
				"east": {"uv": [0, 0, 0.125, 0.1625], "texture": "#missing"},
				"south": {"uv": [6.5, 6, 7, 6.5], "texture": "#1"},
				"west": {"uv": [0, 0, 0.125, 0.1625], "texture": "#missing"},
				"up": {"uv": [6.5, 6, 7, 6.5], "texture": "#1"},
				"down": {"uv": [0, 0, 0.1625, 0.125], "texture": "#missing"}
			}
		},
		{
			"from": [9.025, 6.175, 8.175],
			"to": [9.35, 6.5, 8.425],
			"faces": {
				"north": {"uv": [6.5, 6.5, 7, 7], "texture": "#1"},
				"east": {"uv": [0, 0, 0.125, 0.1625], "texture": "#missing"},
				"south": {"uv": [6.5, 6.5, 7, 7], "texture": "#1"},
				"west": {"uv": [0, 0, 0.125, 0.1625], "texture": "#missing"},
				"up": {"uv": [0, 0, 0.1625, 0.125], "texture": "#missing"},
				"down": {"uv": [0, 0, 0.1625, 0.125], "texture": "#missing"}
			}
		},
		{
			"from": [9.025, 5.85, 8.175],
			"to": [9.35, 6.175, 8.425],
			"faces": {
				"north": {"uv": [6.5, 7, 7, 7.5], "texture": "#1"},
				"east": {"uv": [0, 0, 0.125, 0.1625], "texture": "#missing"},
				"south": {"uv": [6.5, 7, 7, 7.5], "texture": "#1"},
				"west": {"uv": [0, 0, 0.125, 0.1625], "texture": "#missing"},
				"up": {"uv": [0, 0, 0.1625, 0.125], "texture": "#missing"},
				"down": {"uv": [6.5, 7, 7, 7.5], "texture": "#1"}
			}
		},
		{
			"from": [8.7, 5.85, 8.175],
			"to": [9.025, 6.175, 8.425],
			"faces": {
				"north": {"uv": [6, 7, 6.5, 7.5], "texture": "#1"},
				"east": {"uv": [0, 0, 0.125, 0.1625], "texture": "#missing"},
				"south": {"uv": [6, 7, 6.5, 7.5], "texture": "#1"},
				"west": {"uv": [6, 7, 6.5, 7.5], "texture": "#1"},
				"up": {"uv": [0, 0, 0.1625, 0.125], "texture": "#missing"},
				"down": {"uv": [0, 0, 0.1625, 0.125], "texture": "#missing"}
			}
		},
		{
			"from": [8.7, 6.175, 8.175],
			"to": [9.025, 6.5, 8.425],
			"faces": {
				"north": {"uv": [6, 6.5, 6.5, 7], "texture": "#1"},
				"east": {"uv": [0, 0, 0.125, 0.1625], "texture": "#missing"},
				"south": {"uv": [6, 6.5, 6.5, 7], "texture": "#1"},
				"west": {"uv": [6, 6.5, 6.5, 7], "texture": "#1"},
				"up": {"uv": [0, 0, 0.1625, 0.125], "texture": "#missing"},
				"down": {"uv": [0, 0, 0.1625, 0.125], "texture": "#missing"}
			}
		},
		{
			"from": [8.5378, 6.6625, 8.1751],
			"to": [8.8628, 6.9875, 8.4249],
			"faces": {
				"north": {"uv": [6, 5.75, 6.25, 6], "texture": "#1"},
				"east": {"uv": [6, 5.75, 6.25, 6], "texture": "#1"},
				"south": {"uv": [6, 5.75, 6.25, 6], "texture": "#1"},
				"west": {"uv": [6, 5.75, 6.25, 6], "texture": "#1"},
				"up": {"uv": [6, 5.75, 6.25, 6], "texture": "#1"},
				"down": {"uv": [6, 5.75, 6.25, 6], "texture": "#1"}
			}
		},
		{
			"from": [7.8878, 7.3125, 8.1751],
			"to": [8.2128, 7.6375, 8.4249],
			"faces": {
				"north": {"uv": [5, 4.75, 5.25, 5], "texture": "#1"},
				"east": {"uv": [5, 4.75, 5.25, 5], "texture": "#1"},
				"south": {"uv": [5, 4.75, 5.25, 5], "texture": "#1"},
				"west": {"uv": [5, 4.75, 5.25, 5], "texture": "#1"},
				"up": {"uv": [5, 4.75, 5.25, 5], "texture": "#1"},
				"down": {"uv": [5, 4.75, 5.25, 5], "texture": "#1"}
			}
		},
		{
			"from": [7.2378, 7.9625, 8.1751],
			"to": [7.5628, 8.2875, 8.4249],
			"faces": {
				"north": {"uv": [4, 3.75, 4.25, 4], "texture": "#1"},
				"east": {"uv": [4, 3.75, 4.25, 4], "texture": "#1"},
				"south": {"uv": [4, 3.75, 4.25, 4], "texture": "#1"},
				"west": {"uv": [4, 3.75, 4.25, 4], "texture": "#1"},
				"up": {"uv": [4, 3.75, 4.25, 4], "texture": "#1"},
				"down": {"uv": [4, 3.75, 4.25, 4], "texture": "#1"}
			}
		},
		{
			"from": [6.5878, 8.6125, 8.1751],
			"to": [6.9128, 8.9375, 8.4249],
			"faces": {
				"north": {"uv": [3, 2.75, 3.25, 3], "texture": "#1"},
				"east": {"uv": [3, 2.75, 3.25, 3], "texture": "#1"},
				"south": {"uv": [3, 2.75, 3.25, 3], "texture": "#1"},
				"west": {"uv": [3, 2.75, 3.25, 3], "texture": "#1"},
				"up": {"uv": [3, 2.75, 3.25, 3], "texture": "#1"},
				"down": {"uv": [3, 2.75, 3.25, 3], "texture": "#1"}
			}
		},
		{
			"from": [8.2128, 6.9875, 8.1751],
			"to": [8.5378, 7.3125, 8.4249],
			"faces": {
				"north": {"uv": [5.5, 5.25, 5.75, 5.5], "texture": "#1"},
				"east": {"uv": [5.5, 5.25, 5.75, 5.5], "texture": "#1"},
				"south": {"uv": [5.5, 5.25, 5.75, 5.5], "texture": "#1"},
				"west": {"uv": [5.5, 5.25, 5.75, 5.5], "texture": "#1"},
				"up": {"uv": [5.5, 5.25, 5.75, 5.5], "texture": "#1"},
				"down": {"uv": [5.5, 5.25, 5.75, 5.5], "texture": "#1"}
			}
		},
		{
			"from": [7.5628, 7.6375, 8.1751],
			"to": [7.8878, 7.9625, 8.4249],
			"faces": {
				"north": {"uv": [4.5, 4.25, 4.75, 4.5], "texture": "#1"},
				"east": {"uv": [4.5, 4.25, 4.75, 4.5], "texture": "#1"},
				"south": {"uv": [4.5, 4.25, 4.75, 4.5], "texture": "#1"},
				"west": {"uv": [4.5, 4.25, 4.75, 4.5], "texture": "#1"},
				"up": {"uv": [4.5, 4.25, 4.75, 4.5], "texture": "#1"},
				"down": {"uv": [4.5, 4.25, 4.75, 4.5], "texture": "#1"}
			}
		},
		{
			"from": [6.9128, 8.2875, 8.1751],
			"to": [7.2378, 8.6125, 8.4249],
			"faces": {
				"north": {"uv": [3.5, 3.25, 3.75, 3.5], "texture": "#1"},
				"east": {"uv": [3.5, 3.25, 3.75, 3.5], "texture": "#1"},
				"south": {"uv": [3.5, 3.25, 3.75, 3.5], "texture": "#1"},
				"west": {"uv": [3.5, 3.25, 3.75, 3.5], "texture": "#1"},
				"up": {"uv": [3.5, 3.25, 3.75, 3.5], "texture": "#1"},
				"down": {"uv": [3.5, 3.25, 3.75, 3.5], "texture": "#1"}
			}
		},
		{
			"from": [6.2628, 8.9375, 8.1751],
			"to": [6.5878, 9.2625, 8.4249],
			"faces": {
				"north": {"uv": [2.5, 2.25, 2.75, 2.5], "texture": "#1"},
				"east": {"uv": [2.5, 2.25, 2.75, 2.5], "texture": "#1"},
				"south": {"uv": [2.5, 2.25, 2.75, 2.5], "texture": "#1"},
				"west": {"uv": [2.5, 2.25, 2.75, 2.5], "texture": "#1"},
				"up": {"uv": [2.5, 2.25, 2.75, 2.5], "texture": "#1"},
				"down": {"uv": [2.5, 2.25, 2.75, 2.5], "texture": "#1"}
			}
		},
		{
			"from": [8.7, 6.5, 8.175],
			"to": [9.025, 6.825, 8.425],
			"faces": {
				"north": {"uv": [6, 6, 6.5, 6.5], "texture": "#1"},
				"east": {"uv": [0, 0, 0.125, 0.1625], "texture": "#missing"},
				"south": {"uv": [6, 6, 6.5, 6.5], "texture": "#1"},
				"west": {"uv": [6, 6, 6.5, 6.5], "texture": "#1"},
				"up": {"uv": [6, 6, 6.5, 6.5], "texture": "#1"},
				"down": {"uv": [0, 0, 0.1625, 0.125], "texture": "#missing"}
			}
		},
		{
			"from": [8.375, 6.825, 8.175],
			"to": [8.7, 7.15, 8.425],
			"faces": {
				"north": {"uv": [5.5, 5.5, 6, 6], "texture": "#1"},
				"east": {"uv": [5.5, 5.5, 6, 6], "texture": "#1"},
				"south": {"uv": [5.5, 5.5, 6, 6], "texture": "#1"},
				"west": {"uv": [5.5, 5.5, 6, 6], "texture": "#1"},
				"up": {"uv": [5.5, 5.5, 6, 6], "texture": "#1"},
				"down": {"uv": [5.5, 5.5, 6, 6], "texture": "#1"}
			}
		},
		{
			"from": [7.725, 7.475, 8.175],
			"to": [8.05, 7.8, 8.425],
			"faces": {
				"north": {"uv": [4.5, 4.5, 5, 5], "texture": "#1"},
				"east": {"uv": [4.5, 4.5, 5, 5], "texture": "#1"},
				"south": {"uv": [4.5, 4.5, 5, 5], "texture": "#1"},
				"west": {"uv": [4.5, 4.5, 5, 5], "texture": "#1"},
				"up": {"uv": [4.5, 4.5, 5, 5], "texture": "#1"},
				"down": {"uv": [4.5, 4.5, 5, 5], "texture": "#1"}
			}
		},
		{
			"from": [7.075, 8.125, 8.175],
			"to": [7.4, 8.45, 8.425],
			"faces": {
				"north": {"uv": [3.5, 3.5, 4, 4], "texture": "#1"},
				"east": {"uv": [3.5, 3.5, 4, 4], "texture": "#1"},
				"south": {"uv": [3.5, 3.5, 4, 4], "texture": "#1"},
				"west": {"uv": [3.5, 3.5, 4, 4], "texture": "#1"},
				"up": {"uv": [3.5, 3.5, 4, 4], "texture": "#1"},
				"down": {"uv": [3.5, 3.5, 4, 4], "texture": "#1"}
			}
		},
		{
			"from": [6.425, 8.775, 8.175],
			"to": [6.75, 9.1, 8.425],
			"faces": {
				"north": {"uv": [2.5, 2.5, 3, 3], "texture": "#1"},
				"east": {"uv": [2.5, 2.5, 3, 3], "texture": "#1"},
				"south": {"uv": [2.5, 2.5, 3, 3], "texture": "#1"},
				"west": {"uv": [2.5, 2.5, 3, 3], "texture": "#1"},
				"up": {"uv": [2.5, 2.5, 3, 3], "texture": "#1"},
				"down": {"uv": [2.5, 2.5, 3, 3], "texture": "#1"}
			}
		},
		{
			"from": [8.05, 7.15, 8.175],
			"to": [8.375, 7.475, 8.425],
			"faces": {
				"north": {"uv": [5, 5, 5.5, 5.5], "texture": "#1"},
				"east": {"uv": [5, 5, 5.5, 5.5], "texture": "#1"},
				"south": {"uv": [5, 5, 5.5, 5.5], "texture": "#1"},
				"west": {"uv": [5, 5, 5.5, 5.5], "texture": "#1"},
				"up": {"uv": [5, 5, 5.5, 5.5], "texture": "#1"},
				"down": {"uv": [5, 5, 5.5, 5.5], "texture": "#1"}
			}
		},
		{
			"from": [7.4, 7.8, 8.175],
			"to": [7.725, 8.125, 8.425],
			"faces": {
				"north": {"uv": [4, 4, 4.5, 4.5], "texture": "#1"},
				"east": {"uv": [4, 4, 4.5, 4.5], "texture": "#1"},
				"south": {"uv": [4, 4, 4.5, 4.5], "texture": "#1"},
				"west": {"uv": [4, 4, 4.5, 4.5], "texture": "#1"},
				"up": {"uv": [4, 4, 4.5, 4.5], "texture": "#1"},
				"down": {"uv": [4, 4, 4.5, 4.5], "texture": "#1"}
			}
		},
		{
			"from": [6.75, 8.45, 8.175],
			"to": [7.075, 8.775, 8.425],
			"faces": {
				"north": {"uv": [3, 3, 3.5, 3.5], "texture": "#1"},
				"east": {"uv": [3, 3, 3.5, 3.5], "texture": "#1"},
				"south": {"uv": [3, 3, 3.5, 3.5], "texture": "#1"},
				"west": {"uv": [3, 3, 3.5, 3.5], "texture": "#1"},
				"up": {"uv": [3, 3, 3.5, 3.5], "texture": "#1"},
				"down": {"uv": [3, 3, 3.5, 3.5], "texture": "#1"}
			}
		},
		{
			"from": [6.1, 9.1, 8.175],
			"to": [6.425, 9.425, 8.425],
			"faces": {
				"north": {"uv": [2, 2, 2.5, 2.5], "texture": "#1"},
				"east": {"uv": [2, 2, 2.5, 2.5], "texture": "#1"},
				"south": {"uv": [2, 2, 2.5, 2.5], "texture": "#1"},
				"west": {"uv": [0, 0, 0.125, 0.1625], "texture": "#missing"},
				"up": {"uv": [0, 0, 0.1625, 0.125], "texture": "#missing"},
				"down": {"uv": [2, 2, 2.5, 2.5], "texture": "#1"}
			}
		},
		{
			"from": [5.775, 9.425, 8.175],
			"to": [6.1, 9.75, 8.425],
			"faces": {
				"north": {"uv": [1.5, 1.5, 2, 2], "texture": "#1"},
				"east": {"uv": [0, 0, 0.125, 0.1625], "texture": "#missing"},
				"south": {"uv": [1.5, 1.5, 2, 2], "texture": "#1"},
				"west": {"uv": [0, 0, 0.125, 0.1625], "texture": "#missing"},
				"up": {"uv": [0, 0, 0.1625, 0.125], "texture": "#missing"},
				"down": {"uv": [0, 0, 0.1625, 0.125], "texture": "#missing"}
			}
		},
		{
			"from": [5.775, 9.1, 8.175],
			"to": [6.1, 9.425, 8.425],
			"faces": {
				"north": {"uv": [1.5, 2, 2, 2.5], "texture": "#1"},
				"east": {"uv": [0, 0, 0.125, 0.1625], "texture": "#missing"},
				"south": {"uv": [1.5, 2, 2, 2.5], "texture": "#1"},
				"west": {"uv": [0, 0, 0.125, 0.1625], "texture": "#missing"},
				"up": {"uv": [0, 0, 0.1625, 0.125], "texture": "#missing"},
				"down": {"uv": [0, 0, 0.1625, 0.125], "texture": "#missing"}
			}
		},
		{
			"from": [5.45, 9.1, 8.175],
			"to": [5.775, 9.425, 8.425],
			"faces": {
				"north": {"uv": [1, 2, 1.5, 2.5], "texture": "#1"},
				"east": {"uv": [0, 0, 0.125, 0.1625], "texture": "#missing"},
				"south": {"uv": [1, 2, 1.5, 2.5], "texture": "#1"},
				"west": {"uv": [1, 2, 1.5, 2.5], "texture": "#1"},
				"up": {"uv": [0, 0, 0.1625, 0.125], "texture": "#missing"},
				"down": {"uv": [1, 2, 1.5, 2.5], "texture": "#1"}
			}
		},
		{
			"from": [5.45, 9.425, 8.175],
			"to": [5.775, 9.75, 8.425],
			"faces": {
				"north": {"uv": [1, 1.5, 1.5, 2], "texture": "#1"},
				"east": {"uv": [0, 0, 0.125, 0.1625], "texture": "#missing"},
				"south": {"uv": [1, 1.5, 1.5, 2], "texture": "#1"},
				"west": {"uv": [1, 1.5, 1.5, 2], "texture": "#1"},
				"up": {"uv": [0, 0, 0.1625, 0.125], "texture": "#missing"},
				"down": {"uv": [0, 0, 0.1625, 0.125], "texture": "#missing"}
			}
		},
		{
			"from": [5.45, 9.75, 8.175],
			"to": [5.775, 10.075, 8.425],
			"faces": {
				"north": {"uv": [1, 1, 1.5, 1.5], "texture": "#1"},
				"east": {"uv": [0, 0, 0.125, 0.1625], "texture": "#missing"},
				"south": {"uv": [1, 1, 1.5, 1.5], "texture": "#1"},
				"west": {"uv": [1, 1, 1.5, 1.5], "texture": "#1"},
				"up": {"uv": [1, 1, 1.5, 1.5], "texture": "#1"},
				"down": {"uv": [0, 0, 0.1625, 0.125], "texture": "#missing"}
			}
		},
		{
			"from": [5.775, 9.75, 8.175],
			"to": [6.1, 10.075, 8.425],
			"faces": {
				"north": {"uv": [1.5, 1, 2, 1.5], "texture": "#1"},
				"east": {"uv": [0, 0, 0.125, 0.1625], "texture": "#missing"},
				"south": {"uv": [1.5, 1, 2, 1.5], "texture": "#1"},
				"west": {"uv": [0, 0, 0.125, 0.1625], "texture": "#missing"},
				"up": {"uv": [1.5, 1, 2, 1.5], "texture": "#1"},
				"down": {"uv": [0, 0, 0.1625, 0.125], "texture": "#missing"}
			}
		},
		{
			"from": [6.1, 9.75, 8.175],
			"to": [6.425, 10.075, 8.425],
			"faces": {
				"north": {"uv": [2, 1, 2.5, 1.5], "texture": "#1"},
				"east": {"uv": [2, 1, 2.5, 1.5], "texture": "#1"},
				"south": {"uv": [2, 1, 2.5, 1.5], "texture": "#1"},
				"west": {"uv": [0, 0, 0.125, 0.1625], "texture": "#missing"},
				"up": {"uv": [2, 1, 2.5, 1.5], "texture": "#1"},
				"down": {"uv": [0, 0, 0.1625, 0.125], "texture": "#missing"}
			}
		},
		{
			"from": [5.775, 8.775, 8.175],
			"to": [6.1, 9.1, 8.425],
			"faces": {
				"north": {"uv": [1.5, 2.5, 2, 3], "texture": "#1"},
				"east": {"uv": [1.5, 2.5, 2, 3], "texture": "#1"},
				"south": {"uv": [1.5, 2.5, 2, 3], "texture": "#1"},
				"west": {"uv": [1.5, 2.5, 2, 3], "texture": "#1"},
				"up": {"uv": [0, 0, 0.1625, 0.125], "texture": "#missing"},
				"down": {"uv": [1.5, 2.5, 2, 3], "texture": "#1"}
			}
		},
		{
			"from": [6.1, 9.425, 8.175],
			"to": [6.425, 9.75, 8.425],
			"faces": {
				"north": {"uv": [2, 1.5, 2.5, 2], "texture": "#1"},
				"east": {"uv": [0, 0, 0.125, 0.1625], "texture": "#missing"},
				"south": {"uv": [2, 1.5, 2.5, 2], "texture": "#1"},
				"west": {"uv": [0, 0, 0.125, 0.1625], "texture": "#missing"},
				"up": {"uv": [0, 0, 0.1625, 0.125], "texture": "#missing"},
				"down": {"uv": [0, 0, 0.1625, 0.125], "texture": "#missing"}
			}
		},
		{
			"from": [6.425, 9.425, 8.175],
			"to": [6.75, 9.75, 8.425],
			"faces": {
				"north": {"uv": [2.5, 1.5, 3, 2], "texture": "#1"},
				"east": {"uv": [2.5, 1.5, 3, 2], "texture": "#1"},
				"south": {"uv": [2.5, 1.5, 3, 2], "texture": "#1"},
				"west": {"uv": [0, 0, 0.125, 0.1625], "texture": "#missing"},
				"up": {"uv": [2.5, 1.5, 3, 2], "texture": "#1"},
				"down": {"uv": [2.5, 1.5, 3, 2], "texture": "#1"}
			}
		},
		{
			"from": [8.7, 5.525, 8.175],
			"to": [9.025, 5.85, 8.425],
			"faces": {
				"north": {"uv": [6, 7.5, 6.5, 8], "texture": "#1"},
				"east": {"uv": [6, 7.5, 6.5, 8], "texture": "#1"},
				"south": {"uv": [6, 7.5, 6.5, 8], "texture": "#1"},
				"west": {"uv": [6, 7.5, 6.5, 8], "texture": "#1"},
				"up": {"uv": [0, 0, 0.1625, 0.125], "texture": "#missing"},
				"down": {"uv": [6, 7.5, 6.5, 8], "texture": "#1"}
			}
		},
		{
			"from": [9.35, 5.525, 8.175],
			"to": [9.675, 5.85, 8.425],
			"faces": {
				"north": {"uv": [7, 7.5, 7.5, 8], "texture": "#1"},
				"east": {"uv": [7, 7.5, 7.5, 8], "texture": "#1"},
				"south": {"uv": [7, 7.5, 7.5, 8], "texture": "#1"},
				"west": {"uv": [7, 7.5, 7.5, 8], "texture": "#1"},
				"up": {"uv": [0, 0, 0.1625, 0.125], "texture": "#missing"},
				"down": {"uv": [7, 7.5, 7.5, 8], "texture": "#1"}
			}
		},
		{
			"from": [9.35, 5.85, 8.175],
			"to": [9.675, 6.175, 8.425],
			"faces": {
				"north": {"uv": [7, 7, 7.5, 7.5], "texture": "#1"},
				"east": {"uv": [0, 0, 0.125, 0.1625], "texture": "#missing"},
				"south": {"uv": [7, 7, 7.5, 7.5], "texture": "#1"},
				"west": {"uv": [0, 0, 0.125, 0.1625], "texture": "#missing"},
				"up": {"uv": [0, 0, 0.1625, 0.125], "texture": "#missing"},
				"down": {"uv": [0, 0, 0.1625, 0.125], "texture": "#missing"}
			}
		},
		{
			"from": [8.65, 2.9, 8.175],
			"to": [8.975, 3.225, 8.425],
			"faces": {
				"north": {"uv": [7.5, 7, 8, 7.5], "texture": "#1"},
				"east": {"uv": [7.5, 7, 8, 7.5], "texture": "#1"},
				"south": {"uv": [7.5, 7, 8, 7.5], "texture": "#1"},
				"west": {"uv": [0, 0, 0.125, 0.1625], "texture": "#missing"},
				"up": {"uv": [7.5, 7, 8, 7.5], "texture": "#1"},
				"down": {"uv": [7.5, 7, 8, 7.5], "texture": "#1"}
			}
		},
		{
			"from": [8.325, 3.225, 8.175],
			"to": [8.65, 3.55, 8.425],
			"faces": {
				"north": {"uv": [7, 6.5, 7.5, 7], "texture": "#1"},
				"east": {"uv": [7, 6.5, 7.5, 7], "texture": "#1"},
				"south": {"uv": [7, 6.5, 7.5, 7], "texture": "#1"},
				"west": {"uv": [0, 0, 0.125, 0.1625], "texture": "#missing"},
				"up": {"uv": [0, 0, 0.1625, 0.125], "texture": "#missing"},
				"down": {"uv": [0, 0, 0.1625, 0.125], "texture": "#missing"}
			}
		},
		{
			"from": [8.325, 3.55, 8.175],
			"to": [8.65, 3.875, 8.425],
			"faces": {
				"north": {"uv": [7, 6, 7.5, 6.5], "texture": "#1"},
				"east": {"uv": [0, 0, 0.125, 0.1625], "texture": "#missing"},
				"south": {"uv": [7, 6, 7.5, 6.5], "texture": "#1"},
				"west": {"uv": [0, 0, 0.125, 0.1625], "texture": "#missing"},
				"up": {"uv": [7, 6, 7.5, 6.5], "texture": "#1"},
				"down": {"uv": [0, 0, 0.1625, 0.125], "texture": "#missing"}
			}
		},
		{
			"from": [8.65, 3.55, 8.175],
			"to": [8.975, 3.875, 8.425],
			"faces": {
				"north": {"uv": [7.5, 6, 8, 6.5], "texture": "#1"},
				"east": {"uv": [7.5, 6, 8, 6.5], "texture": "#1"},
				"south": {"uv": [7.5, 6, 8, 6.5], "texture": "#1"},
				"west": {"uv": [0, 0, 0.125, 0.1625], "texture": "#missing"},
				"up": {"uv": [7.5, 6, 8, 6.5], "texture": "#1"},
				"down": {"uv": [7.5, 6, 8, 6.5], "texture": "#1"}
			}
		},
		{
			"from": [8, 3.55, 8.175],
			"to": [8.325, 3.875, 8.425],
			"faces": {
				"north": {"uv": [6.5, 6, 7, 6.5], "texture": "#1"},
				"east": {"uv": [0, 0, 0.125, 0.1625], "texture": "#missing"},
				"south": {"uv": [6.5, 6, 7, 6.5], "texture": "#1"},
				"west": {"uv": [0, 0, 0.125, 0.1625], "texture": "#missing"},
				"up": {"uv": [6.5, 6, 7, 6.5], "texture": "#1"},
				"down": {"uv": [0, 0, 0.1625, 0.125], "texture": "#missing"}
			}
		},
		{
			"from": [8, 3.225, 8.175],
			"to": [8.325, 3.55, 8.425],
			"faces": {
				"north": {"uv": [6.5, 6.5, 7, 7], "texture": "#1"},
				"east": {"uv": [0, 0, 0.125, 0.1625], "texture": "#missing"},
				"south": {"uv": [6.5, 6.5, 7, 7], "texture": "#1"},
				"west": {"uv": [0, 0, 0.125, 0.1625], "texture": "#missing"},
				"up": {"uv": [0, 0, 0.1625, 0.125], "texture": "#missing"},
				"down": {"uv": [0, 0, 0.1625, 0.125], "texture": "#missing"}
			}
		},
		{
			"from": [8, 2.9, 8.175],
			"to": [8.325, 3.225, 8.425],
			"faces": {
				"north": {"uv": [6.5, 7, 7, 7.5], "texture": "#1"},
				"east": {"uv": [0, 0, 0.125, 0.1625], "texture": "#missing"},
				"south": {"uv": [6.5, 7, 7, 7.5], "texture": "#1"},
				"west": {"uv": [0, 0, 0.125, 0.1625], "texture": "#missing"},
				"up": {"uv": [0, 0, 0.1625, 0.125], "texture": "#missing"},
				"down": {"uv": [6.5, 7, 7, 7.5], "texture": "#1"}
			}
		},
		{
			"from": [7.675, 2.9, 8.175],
			"to": [8, 3.225, 8.425],
			"faces": {
				"north": {"uv": [6, 7, 6.5, 7.5], "texture": "#1"},
				"east": {"uv": [0, 0, 0.125, 0.1625], "texture": "#missing"},
				"south": {"uv": [6, 7, 6.5, 7.5], "texture": "#1"},
				"west": {"uv": [6, 7, 6.5, 7.5], "texture": "#1"},
				"up": {"uv": [0, 0, 0.1625, 0.125], "texture": "#missing"},
				"down": {"uv": [0, 0, 0.1625, 0.125], "texture": "#missing"}
			}
		},
		{
			"from": [7.675, 3.225, 8.175],
			"to": [8, 3.55, 8.425],
			"faces": {
				"north": {"uv": [6, 6.5, 6.5, 7], "texture": "#1"},
				"east": {"uv": [0, 0, 0.125, 0.1625], "texture": "#missing"},
				"south": {"uv": [6, 6.5, 6.5, 7], "texture": "#1"},
				"west": {"uv": [6, 6.5, 6.5, 7], "texture": "#1"},
				"up": {"uv": [0, 0, 0.1625, 0.125], "texture": "#missing"},
				"down": {"uv": [0, 0, 0.1625, 0.125], "texture": "#missing"}
			}
		},
		{
			"from": [7.5128, 3.7125, 8.1751],
			"to": [7.8378, 4.0375, 8.4249],
			"faces": {
				"north": {"uv": [6, 5.75, 6.25, 6], "texture": "#1"},
				"east": {"uv": [6, 5.75, 6.25, 6], "texture": "#1"},
				"south": {"uv": [6, 5.75, 6.25, 6], "texture": "#1"},
				"west": {"uv": [6, 5.75, 6.25, 6], "texture": "#1"},
				"up": {"uv": [6, 5.75, 6.25, 6], "texture": "#1"},
				"down": {"uv": [6, 5.75, 6.25, 6], "texture": "#1"}
			}
		},
		{
			"from": [6.8628, 4.3625, 8.1751],
			"to": [7.1878, 4.6875, 8.4249],
			"faces": {
				"north": {"uv": [5, 4.75, 5.25, 5], "texture": "#1"},
				"east": {"uv": [5, 4.75, 5.25, 5], "texture": "#1"},
				"south": {"uv": [5, 4.75, 5.25, 5], "texture": "#1"},
				"west": {"uv": [5, 4.75, 5.25, 5], "texture": "#1"},
				"up": {"uv": [5, 4.75, 5.25, 5], "texture": "#1"},
				"down": {"uv": [5, 4.75, 5.25, 5], "texture": "#1"}
			}
		},
		{
			"from": [6.2128, 5.0125, 8.1751],
			"to": [6.5378, 5.3375, 8.4249],
			"faces": {
				"north": {"uv": [4, 3.75, 4.25, 4], "texture": "#1"},
				"east": {"uv": [4, 3.75, 4.25, 4], "texture": "#1"},
				"south": {"uv": [4, 3.75, 4.25, 4], "texture": "#1"},
				"west": {"uv": [4, 3.75, 4.25, 4], "texture": "#1"},
				"up": {"uv": [4, 3.75, 4.25, 4], "texture": "#1"},
				"down": {"uv": [4, 3.75, 4.25, 4], "texture": "#1"}
			}
		},
		{
			"from": [5.5628, 5.6625, 8.1751],
			"to": [5.8878, 5.9875, 8.4249],
			"faces": {
				"north": {"uv": [3, 2.75, 3.25, 3], "texture": "#1"},
				"east": {"uv": [3, 2.75, 3.25, 3], "texture": "#1"},
				"south": {"uv": [3, 2.75, 3.25, 3], "texture": "#1"},
				"west": {"uv": [3, 2.75, 3.25, 3], "texture": "#1"},
				"up": {"uv": [3, 2.75, 3.25, 3], "texture": "#1"},
				"down": {"uv": [3, 2.75, 3.25, 3], "texture": "#1"}
			}
		},
		{
			"from": [7.1878, 4.0375, 8.1751],
			"to": [7.5128, 4.3625, 8.4249],
			"faces": {
				"north": {"uv": [5.5, 5.25, 5.75, 5.5], "texture": "#1"},
				"east": {"uv": [5.5, 5.25, 5.75, 5.5], "texture": "#1"},
				"south": {"uv": [5.5, 5.25, 5.75, 5.5], "texture": "#1"},
				"west": {"uv": [5.5, 5.25, 5.75, 5.5], "texture": "#1"},
				"up": {"uv": [5.5, 5.25, 5.75, 5.5], "texture": "#1"},
				"down": {"uv": [5.5, 5.25, 5.75, 5.5], "texture": "#1"}
			}
		},
		{
			"from": [6.5378, 4.6875, 8.1751],
			"to": [6.8628, 5.0125, 8.4249],
			"faces": {
				"north": {"uv": [4.5, 4.25, 4.75, 4.5], "texture": "#1"},
				"east": {"uv": [4.5, 4.25, 4.75, 4.5], "texture": "#1"},
				"south": {"uv": [4.5, 4.25, 4.75, 4.5], "texture": "#1"},
				"west": {"uv": [4.5, 4.25, 4.75, 4.5], "texture": "#1"},
				"up": {"uv": [4.5, 4.25, 4.75, 4.5], "texture": "#1"},
				"down": {"uv": [4.5, 4.25, 4.75, 4.5], "texture": "#1"}
			}
		},
		{
			"from": [5.8878, 5.3375, 8.1751],
			"to": [6.2128, 5.6625, 8.4249],
			"faces": {
				"north": {"uv": [3.5, 3.25, 3.75, 3.5], "texture": "#1"},
				"east": {"uv": [3.5, 3.25, 3.75, 3.5], "texture": "#1"},
				"south": {"uv": [3.5, 3.25, 3.75, 3.5], "texture": "#1"},
				"west": {"uv": [3.5, 3.25, 3.75, 3.5], "texture": "#1"},
				"up": {"uv": [3.5, 3.25, 3.75, 3.5], "texture": "#1"},
				"down": {"uv": [3.5, 3.25, 3.75, 3.5], "texture": "#1"}
			}
		},
		{
			"from": [5.2378, 5.9875, 8.1751],
			"to": [5.5628, 6.3125, 8.4249],
			"faces": {
				"north": {"uv": [2.5, 2.25, 2.75, 2.5], "texture": "#1"},
				"east": {"uv": [2.5, 2.25, 2.75, 2.5], "texture": "#1"},
				"south": {"uv": [2.5, 2.25, 2.75, 2.5], "texture": "#1"},
				"west": {"uv": [2.5, 2.25, 2.75, 2.5], "texture": "#1"},
				"up": {"uv": [2.5, 2.25, 2.75, 2.5], "texture": "#1"},
				"down": {"uv": [2.5, 2.25, 2.75, 2.5], "texture": "#1"}
			}
		},
		{
			"from": [7.675, 3.55, 8.175],
			"to": [8, 3.875, 8.425],
			"faces": {
				"north": {"uv": [6, 6, 6.5, 6.5], "texture": "#1"},
				"east": {"uv": [0, 0, 0.125, 0.1625], "texture": "#missing"},
				"south": {"uv": [6, 6, 6.5, 6.5], "texture": "#1"},
				"west": {"uv": [6, 6, 6.5, 6.5], "texture": "#1"},
				"up": {"uv": [6, 6, 6.5, 6.5], "texture": "#1"},
				"down": {"uv": [0, 0, 0.1625, 0.125], "texture": "#missing"}
			}
		},
		{
			"from": [7.35, 3.875, 8.175],
			"to": [7.675, 4.2, 8.425],
			"faces": {
				"north": {"uv": [5.5, 5.5, 6, 6], "texture": "#1"},
				"east": {"uv": [5.5, 5.5, 6, 6], "texture": "#1"},
				"south": {"uv": [5.5, 5.5, 6, 6], "texture": "#1"},
				"west": {"uv": [5.5, 5.5, 6, 6], "texture": "#1"},
				"up": {"uv": [5.5, 5.5, 6, 6], "texture": "#1"},
				"down": {"uv": [5.5, 5.5, 6, 6], "texture": "#1"}
			}
		},
		{
			"from": [6.7, 4.525, 8.175],
			"to": [7.025, 4.85, 8.425],
			"faces": {
				"north": {"uv": [4.5, 4.5, 5, 5], "texture": "#1"},
				"east": {"uv": [4.5, 4.5, 5, 5], "texture": "#1"},
				"south": {"uv": [4.5, 4.5, 5, 5], "texture": "#1"},
				"west": {"uv": [4.5, 4.5, 5, 5], "texture": "#1"},
				"up": {"uv": [4.5, 4.5, 5, 5], "texture": "#1"},
				"down": {"uv": [4.5, 4.5, 5, 5], "texture": "#1"}
			}
		},
		{
			"from": [6.05, 5.175, 8.175],
			"to": [6.375, 5.5, 8.425],
			"faces": {
				"north": {"uv": [3.5, 3.5, 4, 4], "texture": "#1"},
				"east": {"uv": [3.5, 3.5, 4, 4], "texture": "#1"},
				"south": {"uv": [3.5, 3.5, 4, 4], "texture": "#1"},
				"west": {"uv": [3.5, 3.5, 4, 4], "texture": "#1"},
				"up": {"uv": [3.5, 3.5, 4, 4], "texture": "#1"},
				"down": {"uv": [3.5, 3.5, 4, 4], "texture": "#1"}
			}
		},
		{
			"from": [5.4, 5.825, 8.175],
			"to": [5.725, 6.15, 8.425],
			"faces": {
				"north": {"uv": [2.5, 2.5, 3, 3], "texture": "#1"},
				"east": {"uv": [2.5, 2.5, 3, 3], "texture": "#1"},
				"south": {"uv": [2.5, 2.5, 3, 3], "texture": "#1"},
				"west": {"uv": [2.5, 2.5, 3, 3], "texture": "#1"},
				"up": {"uv": [2.5, 2.5, 3, 3], "texture": "#1"},
				"down": {"uv": [2.5, 2.5, 3, 3], "texture": "#1"}
			}
		},
		{
			"from": [7.025, 4.2, 8.175],
			"to": [7.35, 4.525, 8.425],
			"faces": {
				"north": {"uv": [5, 5, 5.5, 5.5], "texture": "#1"},
				"east": {"uv": [5, 5, 5.5, 5.5], "texture": "#1"},
				"south": {"uv": [5, 5, 5.5, 5.5], "texture": "#1"},
				"west": {"uv": [5, 5, 5.5, 5.5], "texture": "#1"},
				"up": {"uv": [5, 5, 5.5, 5.5], "texture": "#1"},
				"down": {"uv": [5, 5, 5.5, 5.5], "texture": "#1"}
			}
		},
		{
			"from": [6.375, 4.85, 8.175],
			"to": [6.7, 5.175, 8.425],
			"faces": {
				"north": {"uv": [4, 4, 4.5, 4.5], "texture": "#1"},
				"east": {"uv": [4, 4, 4.5, 4.5], "texture": "#1"},
				"south": {"uv": [4, 4, 4.5, 4.5], "texture": "#1"},
				"west": {"uv": [4, 4, 4.5, 4.5], "texture": "#1"},
				"up": {"uv": [4, 4, 4.5, 4.5], "texture": "#1"},
				"down": {"uv": [4, 4, 4.5, 4.5], "texture": "#1"}
			}
		},
		{
			"from": [5.725, 5.5, 8.175],
			"to": [6.05, 5.825, 8.425],
			"faces": {
				"north": {"uv": [3, 3, 3.5, 3.5], "texture": "#1"},
				"east": {"uv": [3, 3, 3.5, 3.5], "texture": "#1"},
				"south": {"uv": [3, 3, 3.5, 3.5], "texture": "#1"},
				"west": {"uv": [3, 3, 3.5, 3.5], "texture": "#1"},
				"up": {"uv": [3, 3, 3.5, 3.5], "texture": "#1"},
				"down": {"uv": [3, 3, 3.5, 3.5], "texture": "#1"}
			}
		},
		{
			"from": [5.075, 6.15, 8.175],
			"to": [5.4, 6.475, 8.425],
			"faces": {
				"north": {"uv": [2, 2, 2.5, 2.5], "texture": "#1"},
				"east": {"uv": [2, 2, 2.5, 2.5], "texture": "#1"},
				"south": {"uv": [2, 2, 2.5, 2.5], "texture": "#1"},
				"west": {"uv": [0, 0, 0.125, 0.1625], "texture": "#missing"},
				"up": {"uv": [0, 0, 0.1625, 0.125], "texture": "#missing"},
				"down": {"uv": [2, 2, 2.5, 2.5], "texture": "#1"}
			}
		},
		{
			"from": [4.75, 6.475, 8.175],
			"to": [5.075, 6.8, 8.425],
			"faces": {
				"north": {"uv": [1.5, 1.5, 2, 2], "texture": "#1"},
				"east": {"uv": [0, 0, 0.125, 0.1625], "texture": "#missing"},
				"south": {"uv": [1.5, 1.5, 2, 2], "texture": "#1"},
				"west": {"uv": [0, 0, 0.125, 0.1625], "texture": "#missing"},
				"up": {"uv": [0, 0, 0.1625, 0.125], "texture": "#missing"},
				"down": {"uv": [0, 0, 0.1625, 0.125], "texture": "#missing"}
			}
		},
		{
			"from": [4.75, 6.15, 8.175],
			"to": [5.075, 6.475, 8.425],
			"faces": {
				"north": {"uv": [1.5, 2, 2, 2.5], "texture": "#1"},
				"east": {"uv": [0, 0, 0.125, 0.1625], "texture": "#missing"},
				"south": {"uv": [1.5, 2, 2, 2.5], "texture": "#1"},
				"west": {"uv": [0, 0, 0.125, 0.1625], "texture": "#missing"},
				"up": {"uv": [0, 0, 0.1625, 0.125], "texture": "#missing"},
				"down": {"uv": [0, 0, 0.1625, 0.125], "texture": "#missing"}
			}
		},
		{
			"from": [4.425, 6.15, 8.175],
			"to": [4.75, 6.475, 8.425],
			"faces": {
				"north": {"uv": [1, 2, 1.5, 2.5], "texture": "#1"},
				"east": {"uv": [0, 0, 0.125, 0.1625], "texture": "#missing"},
				"south": {"uv": [1, 2, 1.5, 2.5], "texture": "#1"},
				"west": {"uv": [1, 2, 1.5, 2.5], "texture": "#1"},
				"up": {"uv": [0, 0, 0.1625, 0.125], "texture": "#missing"},
				"down": {"uv": [1, 2, 1.5, 2.5], "texture": "#1"}
			}
		},
		{
			"from": [4.425, 6.475, 8.175],
			"to": [4.75, 6.8, 8.425],
			"faces": {
				"north": {"uv": [1, 1.5, 1.5, 2], "texture": "#1"},
				"east": {"uv": [0, 0, 0.125, 0.1625], "texture": "#missing"},
				"south": {"uv": [1, 1.5, 1.5, 2], "texture": "#1"},
				"west": {"uv": [1, 1.5, 1.5, 2], "texture": "#1"},
				"up": {"uv": [0, 0, 0.1625, 0.125], "texture": "#missing"},
				"down": {"uv": [0, 0, 0.1625, 0.125], "texture": "#missing"}
			}
		},
		{
			"from": [4.425, 6.8, 8.175],
			"to": [4.75, 7.125, 8.425],
			"faces": {
				"north": {"uv": [1, 1, 1.5, 1.5], "texture": "#1"},
				"east": {"uv": [0, 0, 0.125, 0.1625], "texture": "#missing"},
				"south": {"uv": [1, 1, 1.5, 1.5], "texture": "#1"},
				"west": {"uv": [1, 1, 1.5, 1.5], "texture": "#1"},
				"up": {"uv": [1, 1, 1.5, 1.5], "texture": "#1"},
				"down": {"uv": [0, 0, 0.1625, 0.125], "texture": "#missing"}
			}
		},
		{
			"from": [4.75, 6.8, 8.175],
			"to": [5.075, 7.125, 8.425],
			"faces": {
				"north": {"uv": [1.5, 1, 2, 1.5], "texture": "#1"},
				"east": {"uv": [0, 0, 0.125, 0.1625], "texture": "#missing"},
				"south": {"uv": [1.5, 1, 2, 1.5], "texture": "#1"},
				"west": {"uv": [0, 0, 0.125, 0.1625], "texture": "#missing"},
				"up": {"uv": [1.5, 1, 2, 1.5], "texture": "#1"},
				"down": {"uv": [0, 0, 0.1625, 0.125], "texture": "#missing"}
			}
		},
		{
			"from": [5.075, 6.8, 8.175],
			"to": [5.4, 7.125, 8.425],
			"faces": {
				"north": {"uv": [2, 1, 2.5, 1.5], "texture": "#1"},
				"east": {"uv": [2, 1, 2.5, 1.5], "texture": "#1"},
				"south": {"uv": [2, 1, 2.5, 1.5], "texture": "#1"},
				"west": {"uv": [0, 0, 0.125, 0.1625], "texture": "#missing"},
				"up": {"uv": [2, 1, 2.5, 1.5], "texture": "#1"},
				"down": {"uv": [0, 0, 0.1625, 0.125], "texture": "#missing"}
			}
		},
		{
			"from": [4.75, 5.825, 8.175],
			"to": [5.075, 6.15, 8.425],
			"faces": {
				"north": {"uv": [1.5, 2.5, 2, 3], "texture": "#1"},
				"east": {"uv": [1.5, 2.5, 2, 3], "texture": "#1"},
				"south": {"uv": [1.5, 2.5, 2, 3], "texture": "#1"},
				"west": {"uv": [1.5, 2.5, 2, 3], "texture": "#1"},
				"up": {"uv": [0, 0, 0.1625, 0.125], "texture": "#missing"},
				"down": {"uv": [1.5, 2.5, 2, 3], "texture": "#1"}
			}
		},
		{
			"from": [5.075, 6.475, 8.175],
			"to": [5.4, 6.8, 8.425],
			"faces": {
				"north": {"uv": [2, 1.5, 2.5, 2], "texture": "#1"},
				"east": {"uv": [0, 0, 0.125, 0.1625], "texture": "#missing"},
				"south": {"uv": [2, 1.5, 2.5, 2], "texture": "#1"},
				"west": {"uv": [0, 0, 0.125, 0.1625], "texture": "#missing"},
				"up": {"uv": [0, 0, 0.1625, 0.125], "texture": "#missing"},
				"down": {"uv": [0, 0, 0.1625, 0.125], "texture": "#missing"}
			}
		},
		{
			"from": [5.4, 6.475, 8.175],
			"to": [5.725, 6.8, 8.425],
			"faces": {
				"north": {"uv": [2.5, 1.5, 3, 2], "texture": "#1"},
				"east": {"uv": [2.5, 1.5, 3, 2], "texture": "#1"},
				"south": {"uv": [2.5, 1.5, 3, 2], "texture": "#1"},
				"west": {"uv": [0, 0, 0.125, 0.1625], "texture": "#missing"},
				"up": {"uv": [2.5, 1.5, 3, 2], "texture": "#1"},
				"down": {"uv": [2.5, 1.5, 3, 2], "texture": "#1"}
			}
		},
		{
			"from": [7.675, 2.575, 8.175],
			"to": [8, 2.9, 8.425],
			"faces": {
				"north": {"uv": [6, 7.5, 6.5, 8], "texture": "#1"},
				"east": {"uv": [6, 7.5, 6.5, 8], "texture": "#1"},
				"south": {"uv": [6, 7.5, 6.5, 8], "texture": "#1"},
				"west": {"uv": [6, 7.5, 6.5, 8], "texture": "#1"},
				"up": {"uv": [0, 0, 0.1625, 0.125], "texture": "#missing"},
				"down": {"uv": [6, 7.5, 6.5, 8], "texture": "#1"}
			}
		},
		{
			"from": [8.325, 2.575, 8.175],
			"to": [8.65, 2.9, 8.425],
			"faces": {
				"north": {"uv": [7, 7.5, 7.5, 8], "texture": "#1"},
				"east": {"uv": [7, 7.5, 7.5, 8], "texture": "#1"},
				"south": {"uv": [7, 7.5, 7.5, 8], "texture": "#1"},
				"west": {"uv": [7, 7.5, 7.5, 8], "texture": "#1"},
				"up": {"uv": [0, 0, 0.1625, 0.125], "texture": "#missing"},
				"down": {"uv": [7, 7.5, 7.5, 8], "texture": "#1"}
			}
		},
		{
			"from": [8.325, 2.9, 8.175],
			"to": [8.65, 3.225, 8.425],
			"faces": {
				"north": {"uv": [7, 7, 7.5, 7.5], "texture": "#1"},
				"east": {"uv": [0, 0, 0.125, 0.1625], "texture": "#missing"},
				"south": {"uv": [7, 7, 7.5, 7.5], "texture": "#1"},
				"west": {"uv": [0, 0, 0.125, 0.1625], "texture": "#missing"},
				"up": {"uv": [0, 0, 0.1625, 0.125], "texture": "#missing"},
				"down": {"uv": [0, 0, 0.1625, 0.125], "texture": "#missing"}
			}
		}
	],
	"gui_light": "front",
	"display": {
		"thirdperson_righthand": {
			"rotation": [-80, -100, -40],
			"translation": [0, -2, 1.75],
			"scale": [1.5, 1.5, 1.5]
		},
		"thirdperson_lefthand": {
			"rotation": [-80, -100, 50],
			"translation": [0, -2, 1.75],
			"scale": [1.5, 1.5, 1.5]
		},
		"firstperson_righthand": {
			"rotation": [0, -90, 25],
			"translation": [1.5, 3, 0.5],
			"scale": [1.2, 1.2, 1.2]
		},
		"firstperson_lefthand": {
			"rotation": [-140, -90, -25],
			"translation": [1.5, 3, 0.5],
			"scale": [1.2, 1.2, 1.2]
		},
		"ground": {
			"translation": [0, 1.5, 0],
			"scale": [0.75, 0.75, 0.75]
		},
		"gui": {
			"scale": [1.35, 1.35, 1.35]
		},
		"head": {
			"translation": [1.75, -17, 4.5],
			"scale": [2.25, 2.25, 2.25]
		},
		"fixed": {
			"rotation": [-180, 0, -180],
			"translation": [0, 0, -0.5],
			"scale": [1.7, 1.7, 1.7]
		}
	},
	"groups": [
		{
			"name": "bow_pulling_2",
			"origin": [0, 0, 0],
			"color": 0,
			"children": [0, 1, 2, 3, 4, 5, 6, 7, 8, 9, 10, 11, 12, 13, 14, 15, 16, 17, 18, 19, 20, 21, 22, 23, 24, 25, 26, 27, 28, 29, 30, 31, 32, 33, 34, 35, 36, 37, 38, 39, 40, 41, 42, 43, 44, 45, 46, 47, 48, 49, 50, 51, 52, 53, 54, 55, 56, 57, 58, 59, 60, 61]
		},
		{
			"name": "arrows_pulling_2",
			"origin": [8, 8, 8],
			"color": 0,
			"children": [
				{
					"name": "arrow",
					"origin": [0, 0, 0],
					"color": 0,
					"children": [62, 63, 64, 65, 66, 67, 68, 69, 70, 71, 72, 73, 74, 75, 76, 77, 78, 79, 80, 81, 82, 83, 84, 85, 86, 87, 88, 89, 90, 91, 92, 93, 94, 95, 96, 97, 98, 99, 100]
				},
				{
					"name": "arrow",
					"origin": [0, 0, 0],
					"color": 0,
					"children": [101, 102, 103, 104, 105, 106, 107, 108, 109, 110, 111, 112, 113, 114, 115, 116, 117, 118, 119, 120, 121, 122, 123, 124, 125, 126, 127, 128, 129, 130, 131, 132, 133, 134, 135, 136, 137, 138, 139]
				},
				{
					"name": "arrow",
					"origin": [0, 0, 0],
					"color": 0,
					"children": [140, 141, 142, 143, 144, 145, 146, 147, 148, 149, 150, 151, 152, 153, 154, 155, 156, 157, 158, 159, 160, 161, 162, 163, 164, 165, 166, 167, 168, 169, 170, 171, 172, 173, 174, 175, 176, 177, 178]
				}
			]
		}
	]
}