{
	"credit": "Model by Daniel Rose",
	"texture_size": [32, 32],
	"textures": {
		"0": "models/shotbow_bow",
		"1": "models/shotbow_arrow",
		"particle": "models/shotbow_bow"
	},
	"elements": [
		{
			"from": [3, 2.5, 7.575],
			"to": [4, 3, 8.175],
			"faces": {
				"north": {"uv": [0, 4.75, 0.5, 5], "texture": "#0"},
				"east": {"uv": [0, 0, 0.25, 0.25], "texture": "#0"},
				"south": {"uv": [0, 4.75, 0.5, 5], "texture": "#0"},
				"west": {"uv": [0, 4.75, 0.25, 5], "texture": "#0"},
				"up": {"uv": [0, 4.75, 0.5, 5], "texture": "#0"},
				"down": {"uv": [0, 4.75, 0.5, 5], "texture": "#0"}
			}
		},
		{
			"from": [3.5, 3, 7.575],
			"to": [4.5, 3.5, 8.175],
			"faces": {
				"north": {"uv": [0.25, 4.5, 0.75, 4.75], "texture": "#0"},
				"east": {"uv": [0, 0, 0.25, 0.25], "texture": "#0"},
				"south": {"uv": [0.25, 4.5, 0.75, 4.75], "texture": "#0"},
				"west": {"uv": [0.25, 4.5, 0.5, 4.75], "texture": "#0"},
				"up": {"uv": [0.25, 4.5, 0.75, 4.75], "texture": "#0"},
				"down": {"uv": [0, 0, 0.5, 0.25], "texture": "#0"}
			}
		},
		{
			"from": [4, 3.5, 7.575],
			"to": [4.5, 5, 8.175],
			"faces": {
				"north": {"uv": [0.5, 3.75, 0.75, 4.5], "texture": "#0"},
				"east": {"uv": [0, 0, 0.25, 0.75], "texture": "#0"},
				"south": {"uv": [0.5, 3.75, 0.75, 4.5], "texture": "#0"},
				"west": {"uv": [0.5, 3.75, 0.75, 4.5], "texture": "#0"},
				"up": {"uv": [0.5, 3.75, 0.75, 4], "texture": "#0"},
				"down": {"uv": [0, 0, 0.25, 0.25], "texture": "#0"}
			}
		},
		{
			"from": [4.5, 4.5, 7.575],
			"to": [5, 6.5, 8.175],
			"faces": {
				"north": {"uv": [0.75, 3.25, 1, 4], "texture": "#0"},
				"east": {"uv": [0, 0, 0.25, 0.75], "texture": "#0"},
				"south": {"uv": [0.75, 3.25, 1, 4], "texture": "#0"},
				"west": {"uv": [0.75, 3.25, 1, 4], "texture": "#0"},
				"up": {"uv": [0, 0, 0.25, 0.25], "texture": "#0"},
				"down": {"uv": [0, 0, 0.25, 0.25], "texture": "#0"}
			}
		},
		{
			"from": [5.5, 6, 7.575],
			"to": [6, 7.5, 8.175],
			"faces": {
				"north": {"uv": [1.25, 2.75, 1.5, 3.5], "texture": "#0"},
				"east": {"uv": [1.25, 2.75, 1.5, 3.5], "texture": "#0"},
				"south": {"uv": [1.25, 2.75, 1.5, 3.5], "texture": "#0"},
				"west": {"uv": [0, 0, 0.25, 0.75], "texture": "#0"},
				"up": {"uv": [0, 0, 0.25, 0.25], "texture": "#0"},
				"down": {"uv": [1.25, 2.75, 1.5, 3], "texture": "#0"}
			}
		},
		{
			"from": [5, 6, 7.575],
			"to": [5.5, 7, 8.175],
			"faces": {
				"north": {"uv": [1, 3, 1.25, 3.5], "texture": "#0"},
				"east": {"uv": [0, 0, 0.25, 0.5], "texture": "#0"},
				"south": {"uv": [1, 3, 1.25, 3.5], "texture": "#0"},
				"west": {"uv": [0, 0, 0.25, 0.5], "texture": "#0"},
				"up": {"uv": [0, 0, 0.25, 0.25], "texture": "#0"},
				"down": {"uv": [0, 0, 0.25, 0.25], "texture": "#0"}
			}
		},
		{
			"from": [5, 7, 7.575],
			"to": [5.5, 8, 8.175],
			"faces": {
				"north": {"uv": [1, 2.5, 1.25, 3], "texture": "#0"},
				"east": {"uv": [0, 0, 0.25, 0.5], "texture": "#0"},
				"south": {"uv": [1, 2.5, 1.25, 3], "texture": "#0"},
				"west": {"uv": [1, 2.5, 1.25, 3], "texture": "#0"},
				"up": {"uv": [0, 0, 0.25, 0.25], "texture": "#0"},
				"down": {"uv": [0, 0, 0.25, 0.25], "texture": "#0"}
			}
		},
		{
			"from": [4.5, 6.5, 7.575],
			"to": [5, 7.5, 8.175],
			"faces": {
				"north": {"uv": [0.75, 2.75, 1, 3.25], "texture": "#0"},
				"east": {"uv": [0, 0, 0.25, 0.5], "texture": "#0"},
				"south": {"uv": [0.75, 2.75, 1, 3.25], "texture": "#0"},
				"west": {"uv": [0.75, 2.75, 1, 3.25], "texture": "#0"},
				"up": {"uv": [0.75, 2.75, 1, 3], "texture": "#0"},
				"down": {"uv": [0, 0, 0.25, 0.25], "texture": "#0"}
			}
		},
		{
			"from": [5, 4.5, 7.575],
			"to": [5.5, 6, 8.175],
			"faces": {
				"north": {"uv": [1, 3.5, 1.25, 4], "texture": "#0"},
				"east": {"uv": [1, 3.5, 1.25, 4], "texture": "#0"},
				"south": {"uv": [1, 3.5, 1.25, 4], "texture": "#0"},
				"west": {"uv": [0, 0, 0.25, 0.5], "texture": "#0"},
				"up": {"uv": [0, 0, 0.25, 0.25], "texture": "#0"},
				"down": {"uv": [1, 3.5, 1.25, 3.75], "texture": "#0"}
			}
		},
		{
			"from": [4.5, 3, 7.575],
			"to": [5, 4.5, 8.175],
			"faces": {
				"north": {"uv": [0.75, 4, 1, 4.75], "texture": "#0"},
				"east": {"uv": [0.75, 4, 1, 4.75], "texture": "#0"},
				"south": {"uv": [0.75, 4, 1, 4.75], "texture": "#0"},
				"west": {"uv": [0, 0, 0.25, 0.75], "texture": "#0"},
				"up": {"uv": [0, 0, 0.25, 0.25], "texture": "#0"},
				"down": {"uv": [0.75, 4, 1, 4.25], "texture": "#0"}
			}
		},
		{
			"from": [4, 2.5, 7.575],
			"to": [4.5, 3, 8.175],
			"faces": {
				"north": {"uv": [0.5, 4.75, 0.75, 5], "texture": "#0"},
				"east": {"uv": [0.5, 4.75, 0.75, 5], "texture": "#0"},
				"south": {"uv": [0.5, 4.75, 0.75, 5], "texture": "#0"},
				"west": {"uv": [0, 0, 0.25, 0.25], "texture": "#0"},
				"up": {"uv": [0, 0, 0.25, 0.25], "texture": "#0"},
				"down": {"uv": [0.5, 4.75, 0.75, 5], "texture": "#0"}
			}
		},
		{
			"from": [5, 3.5, 7.575],
			"to": [5.5, 4, 8.175],
			"faces": {
				"north": {"uv": [1, 4.25, 1.25, 4.5], "texture": "#0"},
				"east": {"uv": [1, 4.25, 1.25, 4.5], "texture": "#0"},
				"south": {"uv": [1, 4.25, 1.25, 4.5], "texture": "#0"},
				"west": {"uv": [1, 4.25, 1.25, 4.5], "texture": "#0"},
				"up": {"uv": [1, 4.25, 1.25, 4.5], "texture": "#0"},
				"down": {"uv": [1, 4.25, 1.25, 4.5], "texture": "#0"}
			}
		},
		{
			"from": [5.5, 3.5, 7.575],
			"to": [6, 4, 8.175],
			"faces": {
				"north": {"uv": [1.25, 4, 1.5, 4.25], "texture": "#0"},
				"east": {"uv": [1.25, 4, 1.5, 4.25], "texture": "#0"},
				"south": {"uv": [1.25, 4, 1.5, 4.25], "texture": "#0"},
				"west": {"uv": [1.25, 4, 1.5, 4.25], "texture": "#0"},
				"up": {"uv": [1.25, 4, 1.5, 4.25], "texture": "#0"},
				"down": {"uv": [1.25, 4, 1.5, 4.25], "texture": "#0"}
			}
		},
		{
			"from": [6, 4, 7.575],
			"to": [6.5, 4.5, 8.175],
			"faces": {
				"north": {"uv": [1.5, 3.75, 1.75, 4], "texture": "#0"},
				"east": {"uv": [1.5, 3.75, 1.75, 4], "texture": "#0"},
				"south": {"uv": [1.5, 3.75, 1.75, 4], "texture": "#0"},
				"west": {"uv": [1.5, 3.75, 1.75, 4], "texture": "#0"},
				"up": {"uv": [1.5, 3.75, 1.75, 4], "texture": "#0"},
				"down": {"uv": [1.5, 3.75, 1.75, 4], "texture": "#0"}
			}
		},
		{
			"from": [6.5, 4, 7.575],
			"to": [7, 4.5, 8.175],
			"faces": {
				"north": {"uv": [1.75, 3.5, 2, 3.75], "texture": "#0"},
				"east": {"uv": [1.75, 3.5, 2, 3.75], "texture": "#0"},
				"south": {"uv": [1.75, 3.5, 2, 3.75], "texture": "#0"},
				"west": {"uv": [1.75, 3.5, 2, 3.75], "texture": "#0"},
				"up": {"uv": [1.75, 3.5, 2, 3.75], "texture": "#0"},
				"down": {"uv": [1.75, 3.5, 2, 3.75], "texture": "#0"}
			}
		},
		{
			"from": [7, 4.5, 7.575],
			"to": [7.5, 5, 8.175],
			"faces": {
				"north": {"uv": [2, 3.25, 2.25, 3.5], "texture": "#0"},
				"east": {"uv": [2, 3.25, 2.25, 3.5], "texture": "#0"},
				"south": {"uv": [2, 3.25, 2.25, 3.5], "texture": "#0"},
				"west": {"uv": [2, 3.25, 2.25, 3.5], "texture": "#0"},
				"up": {"uv": [2, 3.25, 2.25, 3.5], "texture": "#0"},
				"down": {"uv": [2, 3.25, 2.25, 3.5], "texture": "#0"}
			}
		},
		{
			"from": [7.5, 5, 7.575],
			"to": [8, 5.5, 8.175],
			"faces": {
				"north": {"uv": [2.25, 3, 2.5, 3.25], "texture": "#0"},
				"east": {"uv": [2.25, 3, 2.5, 3.25], "texture": "#0"},
				"south": {"uv": [2.25, 3, 2.5, 3.25], "texture": "#0"},
				"west": {"uv": [2.25, 3, 2.5, 3.25], "texture": "#0"},
				"up": {"uv": [2.25, 3, 2.5, 3.25], "texture": "#0"},
				"down": {"uv": [2.25, 3, 2.5, 3.25], "texture": "#0"}
			}
		},
		{
			"from": [8, 5.5, 7.575],
			"to": [8.5, 6, 8.175],
			"faces": {
				"north": {"uv": [2.5, 2.75, 2.75, 3], "texture": "#0"},
				"east": {"uv": [2.5, 2.75, 2.75, 3], "texture": "#0"},
				"south": {"uv": [2.5, 2.75, 2.75, 3], "texture": "#0"},
				"west": {"uv": [2.5, 2.75, 2.75, 3], "texture": "#0"},
				"up": {"uv": [2.5, 2.75, 2.75, 3], "texture": "#0"},
				"down": {"uv": [2.5, 2.75, 2.75, 3], "texture": "#0"}
			}
		},
		{
			"from": [8.5, 6, 7.575],
			"to": [9, 6.5, 8.175],
			"faces": {
				"north": {"uv": [2.5, 2.75, 2.75, 3], "texture": "#0"},
				"east": {"uv": [2.5, 2.75, 2.75, 3], "texture": "#0"},
				"south": {"uv": [2.5, 2.75, 2.75, 3], "texture": "#0"},
				"west": {"uv": [2.5, 2.75, 2.75, 3], "texture": "#0"},
				"up": {"uv": [2.5, 2.75, 2.75, 3], "texture": "#0"},
				"down": {"uv": [2.5, 2.75, 2.75, 3], "texture": "#0"}
			}
		},
		{
			"from": [9, 6.5, 7.575],
			"to": [9.5, 7, 8.175],
			"faces": {
				"north": {"uv": [2.5, 2.75, 2.75, 3], "texture": "#0"},
				"east": {"uv": [2.5, 2.75, 2.75, 3], "texture": "#0"},
				"south": {"uv": [2.5, 2.75, 2.75, 3], "texture": "#0"},
				"west": {"uv": [2.5, 2.75, 2.75, 3], "texture": "#0"},
				"up": {"uv": [2.5, 2.75, 2.75, 3], "texture": "#0"},
				"down": {"uv": [2.5, 2.75, 2.75, 3], "texture": "#0"}
			}
		},
		{
			"from": [9.5, 7, 7.575],
			"to": [10, 7.5, 8.175],
			"faces": {
				"north": {"uv": [2.75, 2.5, 3, 2.75], "texture": "#0"},
				"east": {"uv": [2.75, 2.5, 3, 2.75], "texture": "#0"},
				"south": {"uv": [2.75, 2.5, 3, 2.75], "texture": "#0"},
				"west": {"uv": [2.75, 2.5, 3, 2.75], "texture": "#0"},
				"up": {"uv": [2.75, 2.5, 3, 2.75], "texture": "#0"},
				"down": {"uv": [2.75, 2.5, 3, 2.75], "texture": "#0"}
			}
		},
		{
			"from": [10, 7.5, 7.575],
			"to": [10.5, 8, 8.175],
			"faces": {
				"north": {"uv": [2.75, 2.5, 3, 2.75], "texture": "#0"},
				"east": {"uv": [2.75, 2.5, 3, 2.75], "texture": "#0"},
				"south": {"uv": [2.75, 2.5, 3, 2.75], "texture": "#0"},
				"west": {"uv": [2.75, 2.5, 3, 2.75], "texture": "#0"},
				"up": {"uv": [2.75, 2.5, 3, 2.75], "texture": "#0"},
				"down": {"uv": [2.75, 2.5, 3, 2.75], "texture": "#0"}
			}
		},
		{
			"from": [10.5, 8, 7.575],
			"to": [11, 8.5, 8.175],
			"faces": {
				"north": {"uv": [3, 2.25, 3.25, 2.5], "texture": "#0"},
				"east": {"uv": [3, 2.25, 3.25, 2.5], "texture": "#0"},
				"south": {"uv": [3, 2.25, 3.25, 2.5], "texture": "#0"},
				"west": {"uv": [3, 2.25, 3.25, 2.5], "texture": "#0"},
				"up": {"uv": [3, 2.25, 3.25, 2.5], "texture": "#0"},
				"down": {"uv": [3, 2.25, 3.25, 2.5], "texture": "#0"}
			}
		},
		{
			"from": [11, 8.5, 7.575],
			"to": [11.5, 9, 8.175],
			"faces": {
				"north": {"uv": [3.25, 2, 3.5, 2.25], "texture": "#0"},
				"east": {"uv": [3.25, 2, 3.5, 2.25], "texture": "#0"},
				"south": {"uv": [3.25, 2, 3.5, 2.25], "texture": "#0"},
				"west": {"uv": [3.25, 2, 3.5, 2.25], "texture": "#0"},
				"up": {"uv": [3.25, 2, 3.5, 2.25], "texture": "#0"},
				"down": {"uv": [3.25, 2, 3.5, 2.25], "texture": "#0"}
			}
		},
		{
			"from": [11.5, 9, 7.575],
			"to": [12, 9.5, 8.175],
			"faces": {
				"north": {"uv": [3.5, 1.75, 3.75, 2], "texture": "#0"},
				"east": {"uv": [3.5, 1.75, 3.75, 2], "texture": "#0"},
				"south": {"uv": [3.5, 1.75, 3.75, 2], "texture": "#0"},
				"west": {"uv": [3.5, 1.75, 3.75, 2], "texture": "#0"},
				"up": {"uv": [3.5, 1.75, 3.75, 2], "texture": "#0"},
				"down": {"uv": [3.5, 1.75, 3.75, 2], "texture": "#0"}
			}
		},
		{
			"from": [11.5, 9.5, 7.575],
			"to": [12, 10, 8.175],
			"faces": {
				"north": {"uv": [3.75, 1.5, 4, 1.75], "texture": "#0"},
				"east": {"uv": [3.75, 1.5, 4, 1.75], "texture": "#0"},
				"south": {"uv": [3.75, 1.5, 4, 1.75], "texture": "#0"},
				"west": {"uv": [3.75, 1.5, 4, 1.75], "texture": "#0"},
				"up": {"uv": [3.75, 1.5, 4, 1.75], "texture": "#0"},
				"down": {"uv": [3.75, 1.5, 4, 1.75], "texture": "#0"}
			}
		},
		{
			"from": [12, 10, 7.575],
			"to": [12.5, 10.5, 8.175],
			"faces": {
				"north": {"uv": [4, 1.25, 4.25, 1.5], "texture": "#0"},
				"east": {"uv": [4, 1.25, 4.25, 1.5], "texture": "#0"},
				"south": {"uv": [4, 1.25, 4.25, 1.5], "texture": "#0"},
				"west": {"uv": [4, 1.25, 4.25, 1.5], "texture": "#0"},
				"up": {"uv": [4, 1.25, 4.25, 1.5], "texture": "#0"},
				"down": {"uv": [4, 1.25, 4.25, 1.5], "texture": "#0"}
			}
		},
		{
			"from": [12, 10.5, 7.575],
			"to": [12.5, 11, 8.175],
			"faces": {
				"north": {"uv": [4.25, 1, 4.5, 1.25], "texture": "#0"},
				"east": {"uv": [4.25, 1, 4.5, 1.25], "texture": "#0"},
				"south": {"uv": [4.25, 1, 4.5, 1.25], "texture": "#0"},
				"west": {"uv": [4.25, 1, 4.5, 1.25], "texture": "#0"},
				"up": {"uv": [4.25, 1, 4.5, 1.25], "texture": "#0"},
				"down": {"uv": [4.25, 1, 4.5, 1.25], "texture": "#0"}
			}
		},
		{
			"from": [13, 11.5, 7.575],
			"to": [13.5, 12, 8.175],
			"faces": {
				"north": {"uv": [4.75, 0.5, 5, 0.75], "texture": "#0"},
				"east": {"uv": [4.75, 0.5, 5, 0.75], "texture": "#0"},
				"south": {"uv": [4.75, 0.5, 5, 0.75], "texture": "#0"},
				"west": {"uv": [0, 0, 0.25, 0.25], "texture": "#0"},
				"up": {"uv": [0, 0, 0.25, 0.25], "texture": "#0"},
				"down": {"uv": [4.75, 0.5, 5, 0.75], "texture": "#0"}
			}
		},
		{
			"from": [13, 12.5, 7.575],
			"to": [13.5, 13, 8.175],
			"faces": {
				"north": {"uv": [4.75, 0, 5, 0.25], "texture": "#0"},
				"east": {"uv": [4.75, 0, 5, 0.25], "texture": "#0"},
				"south": {"uv": [4.75, 0, 5, 0.25], "texture": "#0"},
				"west": {"uv": [4.75, 0, 5, 0.25], "texture": "#0"},
				"up": {"uv": [4.75, 0, 5, 0.25], "texture": "#0"},
				"down": {"uv": [0, 0, 0.25, 0.25], "texture": "#0"}
			}
		},
		{
			"from": [5.5, 8, 7.575],
			"to": [6, 8.5, 8.175],
			"faces": {
				"north": {"uv": [1.25, 2.25, 1.5, 2.5], "texture": "#0"},
				"east": {"uv": [0, 0, 0.25, 0.25], "texture": "#0"},
				"south": {"uv": [1.25, 2.25, 1.5, 2.5], "texture": "#0"},
				"west": {"uv": [0, 0, 0.25, 0.25], "texture": "#0"},
				"up": {"uv": [0, 0, 0.25, 0.25], "texture": "#0"},
				"down": {"uv": [0, 0, 0.25, 0.25], "texture": "#0"}
			}
		},
		{
			"from": [5.5, 8.5, 7.575],
			"to": [6, 9, 8.175],
			"faces": {
				"north": {"uv": [1.25, 2, 1.5, 2.25], "texture": "#0"},
				"east": {"uv": [0, 0, 0.25, 0.25], "texture": "#0"},
				"south": {"uv": [1.25, 2, 1.5, 2.25], "texture": "#0"},
				"west": {"uv": [1.25, 2, 1.5, 2.25], "texture": "#0"},
				"up": {"uv": [1.25, 2, 1.5, 2.25], "texture": "#0"},
				"down": {"uv": [0, 0, 0.25, 0.25], "texture": "#0"}
			}
		},
		{
			"from": [6, 9, 7.575],
			"to": [6.5, 9.5, 8.175],
			"faces": {
				"north": {"uv": [1.5, 1.75, 1.75, 2], "texture": "#0"},
				"east": {"uv": [0, 0, 0.25, 0.25], "texture": "#0"},
				"south": {"uv": [1.5, 1.75, 1.75, 2], "texture": "#0"},
				"west": {"uv": [1.5, 1.75, 1.75, 2], "texture": "#0"},
				"up": {"uv": [1.5, 1.75, 1.75, 2], "texture": "#0"},
				"down": {"uv": [0, 0, 0.25, 0.25], "texture": "#0"}
			}
		},
		{
			"from": [6.5, 9.5, 7.575],
			"to": [7, 10, 8.175],
			"faces": {
				"north": {"uv": [1.75, 1.5, 2, 1.75], "texture": "#0"},
				"east": {"uv": [0, 0, 0.25, 0.25], "texture": "#0"},
				"south": {"uv": [1.75, 1.5, 2, 1.75], "texture": "#0"},
				"west": {"uv": [1.75, 1.5, 2, 1.75], "texture": "#0"},
				"up": {"uv": [1.75, 1.5, 2, 1.75], "texture": "#0"},
				"down": {"uv": [0, 0, 0.25, 0.25], "texture": "#0"}
			}
		},
		{
			"from": [7, 10, 7.575],
			"to": [7.5, 10.5, 8.175],
			"faces": {
				"north": {"uv": [2, 1.25, 2.25, 1.5], "texture": "#0"},
				"east": {"uv": [0, 0, 0.25, 0.25], "texture": "#0"},
				"south": {"uv": [2, 1.25, 2.25, 1.5], "texture": "#0"},
				"west": {"uv": [2, 1.25, 2.25, 1.5], "texture": "#0"},
				"up": {"uv": [2, 1.25, 2.25, 1.5], "texture": "#0"},
				"down": {"uv": [0, 0, 0.25, 0.25], "texture": "#0"}
			}
		},
		{
			"from": [7.5, 10.5, 7.575],
			"to": [8, 11, 8.175],
			"faces": {
				"north": {"uv": [2.25, 1, 2.5, 1.25], "texture": "#0"},
				"east": {"uv": [0, 0, 0.25, 0.25], "texture": "#0"},
				"south": {"uv": [2.25, 1, 2.5, 1.25], "texture": "#0"},
				"west": {"uv": [2.25, 1, 2.5, 1.25], "texture": "#0"},
				"up": {"uv": [2.25, 1, 2.5, 1.25], "texture": "#0"},
				"down": {"uv": [0, 0, 0.25, 0.25], "texture": "#0"}
			}
		},
		{
			"from": [5.5, 7.5, 7.575],
			"to": [6, 8, 8.175],
			"faces": {
				"north": {"uv": [1.25, 2.5, 1.5, 2.75], "texture": "#0"},
				"east": {"uv": [0, 0, 0.25, 0.25], "texture": "#0"},
				"south": {"uv": [1.25, 2.5, 1.5, 2.75], "texture": "#0"},
				"west": {"uv": [0, 0, 0.25, 0.25], "texture": "#0"},
				"up": {"uv": [0, 0, 0.25, 0.25], "texture": "#0"},
				"down": {"uv": [0, 0, 0.25, 0.25], "texture": "#0"}
			}
		},
		{
			"from": [5, 8, 7.575],
			"to": [5.5, 8.5, 8.175],
			"faces": {
				"north": {"uv": [1, 2.25, 1.25, 2.5], "texture": "#0"},
				"east": {"uv": [0, 0, 0.25, 0.25], "texture": "#0"},
				"south": {"uv": [1, 2.25, 1.25, 2.5], "texture": "#0"},
				"west": {"uv": [1, 2.25, 1.25, 2.5], "texture": "#0"},
				"up": {"uv": [1, 2.25, 1.25, 2.5], "texture": "#0"},
				"down": {"uv": [0, 0, 0.25, 0.25], "texture": "#0"}
			}
		},
		{
			"from": [6, 7.5, 7.575],
			"to": [6.5, 8, 8.175],
			"faces": {
				"north": {"uv": [1.5, 2.5, 1.75, 2.75], "texture": "#0"},
				"east": {"uv": [1.5, 2.5, 1.75, 2.75], "texture": "#0"},
				"south": {"uv": [1.5, 2.5, 1.75, 2.75], "texture": "#0"},
				"west": {"uv": [0, 0, 0.25, 0.25], "texture": "#0"},
				"up": {"uv": [0, 0, 0.25, 0.25], "texture": "#0"},
				"down": {"uv": [1.5, 2.5, 1.75, 2.75], "texture": "#0"}
			}
		},
		{
			"from": [6, 8, 7.575],
			"to": [6.5, 8.5, 8.175],
			"faces": {
				"north": {"uv": [1.5, 2.25, 1.75, 2.5], "texture": "#0"},
				"east": {"uv": [0, 0, 0.25, 0.25], "texture": "#0"},
				"south": {"uv": [1.5, 2.25, 1.75, 2.5], "texture": "#0"},
				"west": {"uv": [0, 0, 0.25, 0.25], "texture": "#0"},
				"up": {"uv": [0, 0, 0.25, 0.25], "texture": "#0"},
				"down": {"uv": [0, 0, 0.25, 0.25], "texture": "#0"}
			}
		},
		{
			"from": [6, 8.5, 7.575],
			"to": [6.5, 9, 8.175],
			"faces": {
				"north": {"uv": [1.5, 2, 1.75, 2.25], "texture": "#0"},
				"east": {"uv": [0, 0, 0.25, 0.25], "texture": "#0"},
				"south": {"uv": [1.5, 2, 1.75, 2.25], "texture": "#0"},
				"west": {"uv": [0, 0, 0.25, 0.25], "texture": "#0"},
				"up": {"uv": [0, 0, 0.25, 0.25], "texture": "#0"},
				"down": {"uv": [0, 0, 0.25, 0.25], "texture": "#0"}
			}
		},
		{
			"from": [6.5, 8.5, 7.575],
			"to": [7, 9, 8.175],
			"faces": {
				"north": {"uv": [1.75, 2, 2, 2.25], "texture": "#0"},
				"east": {"uv": [0, 0, 0.25, 0.25], "texture": "#0"},
				"south": {"uv": [1.75, 2, 2, 2.25], "texture": "#0"},
				"west": {"uv": [0, 0, 0.25, 0.25], "texture": "#0"},
				"up": {"uv": [0, 0, 0.25, 0.25], "texture": "#0"},
				"down": {"uv": [0, 0, 0.25, 0.25], "texture": "#0"}
			}
		},
		{
			"from": [6.5, 9, 7.575],
			"to": [7, 9.5, 8.175],
			"faces": {
				"north": {"uv": [1.75, 1.75, 2, 2], "texture": "#0"},
				"east": {"uv": [0, 0, 0.25, 0.25], "texture": "#0"},
				"south": {"uv": [1.75, 1.75, 2, 2], "texture": "#0"},
				"west": {"uv": [0, 0, 0.25, 0.25], "texture": "#0"},
				"up": {"uv": [0, 0, 0.25, 0.25], "texture": "#0"},
				"down": {"uv": [0, 0, 0.25, 0.25], "texture": "#0"}
			}
		},
		{
			"from": [7, 9, 7.575],
			"to": [7.5, 9.5, 8.175],
			"faces": {
				"north": {"uv": [2, 1.75, 2.25, 2], "texture": "#0"},
				"east": {"uv": [0, 0, 0.25, 0.25], "texture": "#0"},
				"south": {"uv": [2, 1.75, 2.25, 2], "texture": "#0"},
				"west": {"uv": [0, 0, 0.25, 0.25], "texture": "#0"},
				"up": {"uv": [0, 0, 0.25, 0.25], "texture": "#0"},
				"down": {"uv": [0, 0, 0.25, 0.25], "texture": "#0"}
			}
		},
		{
			"from": [7, 9.5, 7.575],
			"to": [7.5, 10, 8.175],
			"faces": {
				"north": {"uv": [2, 1.5, 2.25, 1.75], "texture": "#0"},
				"east": {"uv": [0, 0, 0.25, 0.25], "texture": "#0"},
				"south": {"uv": [2, 1.5, 2.25, 1.75], "texture": "#0"},
				"west": {"uv": [0, 0, 0.25, 0.25], "texture": "#0"},
				"up": {"uv": [0, 0, 0.25, 0.25], "texture": "#0"},
				"down": {"uv": [0, 0, 0.25, 0.25], "texture": "#0"}
			}
		},
		{
			"from": [7.5, 9.5, 7.575],
			"to": [8, 10, 8.175],
			"faces": {
				"north": {"uv": [2.25, 1.5, 2.5, 1.75], "texture": "#0"},
				"east": {"uv": [0, 0, 0.25, 0.25], "texture": "#0"},
				"south": {"uv": [2.25, 1.5, 2.5, 1.75], "texture": "#0"},
				"west": {"uv": [0, 0, 0.25, 0.25], "texture": "#0"},
				"up": {"uv": [0, 0, 0.25, 0.25], "texture": "#0"},
				"down": {"uv": [0, 0, 0.25, 0.25], "texture": "#0"}
			}
		},
		{
			"from": [7.5, 10, 7.575],
			"to": [8, 10.5, 8.175],
			"faces": {
				"north": {"uv": [2.25, 1.25, 2.5, 1.5], "texture": "#0"},
				"east": {"uv": [0, 0, 0.25, 0.25], "texture": "#0"},
				"south": {"uv": [2.25, 1.25, 2.5, 1.5], "texture": "#0"},
				"west": {"uv": [0, 0, 0.25, 0.25], "texture": "#0"},
				"up": {"uv": [0, 0, 0.25, 0.25], "texture": "#0"},
				"down": {"uv": [0, 0, 0.25, 0.25], "texture": "#0"}
			}
		},
		{
			"from": [8, 10, 7.575],
			"to": [8.5, 10.5, 8.175],
			"faces": {
				"north": {"uv": [2.5, 1.25, 2.75, 1.5], "texture": "#0"},
				"east": {"uv": [0, 0, 0.25, 0.25], "texture": "#0"},
				"south": {"uv": [2.5, 1.25, 2.75, 1.5], "texture": "#0"},
				"west": {"uv": [0, 0, 0.25, 0.25], "texture": "#0"},
				"up": {"uv": [0, 0, 0.25, 0.25], "texture": "#0"},
				"down": {"uv": [0, 0, 0.25, 0.25], "texture": "#0"}
			}
		},
		{
			"from": [8, 10.5, 7.575],
			"to": [9, 11, 8.175],
			"faces": {
				"north": {"uv": [2.5, 1, 3, 1.25], "texture": "#0"},
				"east": {"uv": [0, 0, 0.25, 0.25], "texture": "#0"},
				"south": {"uv": [2.5, 1, 3, 1.25], "texture": "#0"},
				"west": {"uv": [0, 0, 0.25, 0.25], "texture": "#0"},
				"up": {"uv": [2.5, 1, 3, 1.25], "texture": "#0"},
				"down": {"uv": [0, 0, 0.5, 0.25], "texture": "#0"}
			}
		},
		{
			"from": [9, 10.5, 7.575],
			"to": [10, 11, 8.175],
			"faces": {
				"north": {"uv": [3, 1, 3.5, 1.25], "texture": "#0"},
				"east": {"uv": [0, 0, 0.25, 0.25], "texture": "#0"},
				"south": {"uv": [3, 1, 3.5, 1.25], "texture": "#0"},
				"west": {"uv": [0, 0, 0.25, 0.25], "texture": "#0"},
				"up": {"uv": [0, 0, 0.5, 0.25], "texture": "#0"},
				"down": {"uv": [0, 0, 0.5, 0.25], "texture": "#0"}
			}
		},
		{
			"from": [9.5, 11, 7.575],
			"to": [11.5, 11.5, 8.175],
			"faces": {
				"north": {"uv": [3.25, 0.75, 4, 1], "texture": "#0"},
				"east": {"uv": [0, 0, 0.25, 0.25], "texture": "#0"},
				"south": {"uv": [3.25, 0.75, 4, 1], "texture": "#0"},
				"west": {"uv": [0, 0, 0.25, 0.25], "texture": "#0"},
				"up": {"uv": [3.25, 0.75, 4, 1], "texture": "#0"},
				"down": {"uv": [0, 0, 0.75, 0.25], "texture": "#0"}
			}
		},
		{
			"from": [11.5, 11, 7.575],
			"to": [13, 11.5, 8.175],
			"faces": {
				"north": {"uv": [4, 0.75, 4.75, 1], "texture": "#0"},
				"east": {"uv": [4.5, 0.75, 4.75, 1], "texture": "#0"},
				"south": {"uv": [4, 0.75, 4.75, 1], "texture": "#0"},
				"west": {"uv": [0, 0, 0.25, 0.25], "texture": "#0"},
				"up": {"uv": [0, 0, 0.75, 0.25], "texture": "#0"},
				"down": {"uv": [4, 0.75, 4.75, 1], "texture": "#0"}
			}
		},
		{
			"from": [8.5, 10, 7.575],
			"to": [10, 10.5, 8.175],
			"faces": {
				"north": {"uv": [2.75, 1.25, 3.5, 1.5], "texture": "#0"},
				"east": {"uv": [3.25, 1.25, 3.5, 1.5], "texture": "#0"},
				"south": {"uv": [2.75, 1.25, 3.5, 1.5], "texture": "#0"},
				"west": {"uv": [0, 0, 0.25, 0.25], "texture": "#0"},
				"up": {"uv": [0, 0, 0.75, 0.25], "texture": "#0"},
				"down": {"uv": [2.75, 1.25, 3.5, 1.5], "texture": "#0"}
			}
		},
		{
			"from": [10, 10.5, 7.575],
			"to": [11.5, 11, 8.175],
			"faces": {
				"north": {"uv": [3.5, 1, 4, 1.25], "texture": "#0"},
				"east": {"uv": [3.75, 1, 4, 1.25], "texture": "#0"},
				"south": {"uv": [3.5, 1, 4, 1.25], "texture": "#0"},
				"west": {"uv": [0, 0, 0.25, 0.25], "texture": "#0"},
				"up": {"uv": [0, 0, 0.5, 0.25], "texture": "#0"},
				"down": {"uv": [3.5, 1, 4, 1.25], "texture": "#0"}
			}
		},
		{
			"from": [8.5, 11, 7.575],
			"to": [9.5, 11.5, 8.175],
			"faces": {
				"north": {"uv": [2.75, 0.75, 3.25, 1], "texture": "#0"},
				"east": {"uv": [0, 0, 0.25, 0.25], "texture": "#0"},
				"south": {"uv": [2.75, 0.75, 3.25, 1], "texture": "#0"},
				"west": {"uv": [2.75, 0.75, 3, 1], "texture": "#0"},
				"up": {"uv": [2.75, 0.75, 3.25, 1], "texture": "#0"},
				"down": {"uv": [0, 0, 0.5, 0.25], "texture": "#0"}
			}
		},
		{
			"from": [12.5, 12, 7.575],
			"to": [13.5, 12.5, 8.175],
			"faces": {
				"north": {"uv": [4.5, 0.25, 5, 0.5], "texture": "#0"},
				"east": {"uv": [4.75, 0.25, 5, 0.5], "texture": "#0"},
				"south": {"uv": [4.5, 0.25, 5, 0.5], "texture": "#0"},
				"west": {"uv": [4.5, 0.25, 4.75, 0.5], "texture": "#0"},
				"up": {"uv": [4.5, 0.25, 5, 0.5], "texture": "#0"},
				"down": {"uv": [0, 0, 0.5, 0.25], "texture": "#0"}
			}
		},
		{
			"from": [11, 11.5, 7.575],
			"to": [13, 12, 8.175],
			"faces": {
				"north": {"uv": [3.75, 0.5, 4.75, 0.75], "texture": "#0"},
				"east": {"uv": [0, 0, 0.25, 0.25], "texture": "#0"},
				"south": {"uv": [3.75, 0.5, 4.75, 0.75], "texture": "#0"},
				"west": {"uv": [3.75, 0.5, 4, 0.75], "texture": "#0"},
				"up": {"uv": [3.75, 0.5, 4.75, 0.75], "texture": "#0"},
				"down": {"uv": [0, 0, 1, 0.25], "texture": "#0"}
			}
		},
		{
			"from": [8, 9.5, 7.575],
			"to": [8.5, 10, 8.175],
			"faces": {
				"north": {"uv": [2.5, 1.5, 2.75, 1.75], "texture": "#0"},
				"east": {"uv": [2.5, 1.5, 2.75, 1.75], "texture": "#0"},
				"south": {"uv": [2.5, 1.5, 2.75, 1.75], "texture": "#0"},
				"west": {"uv": [0, 0, 0.25, 0.25], "texture": "#0"},
				"up": {"uv": [0, 0, 0.25, 0.25], "texture": "#0"},
				"down": {"uv": [2.5, 1.5, 2.75, 1.75], "texture": "#0"}
			}
		},
		{
			"from": [7.5, 9, 7.575],
			"to": [8, 9.5, 8.175],
			"faces": {
				"north": {"uv": [2.25, 1.75, 2.5, 2], "texture": "#0"},
				"east": {"uv": [2.25, 1.75, 2.5, 2], "texture": "#0"},
				"south": {"uv": [2.25, 1.75, 2.5, 2], "texture": "#0"},
				"west": {"uv": [0, 0, 0.25, 0.25], "texture": "#0"},
				"up": {"uv": [0, 0, 0.25, 0.25], "texture": "#0"},
				"down": {"uv": [2.25, 1.75, 2.5, 2], "texture": "#0"}
			}
		},
		{
			"from": [7, 8.5, 7.575],
			"to": [7.5, 9, 8.175],
			"faces": {
				"north": {"uv": [2, 2, 2.25, 2.25], "texture": "#0"},
				"east": {"uv": [2, 2, 2.25, 2.25], "texture": "#0"},
				"south": {"uv": [2, 2, 2.25, 2.25], "texture": "#0"},
				"west": {"uv": [0, 0, 0.25, 0.25], "texture": "#0"},
				"up": {"uv": [0, 0, 0.25, 0.25], "texture": "#0"},
				"down": {"uv": [2, 2, 2.25, 2.25], "texture": "#0"}
			}
		},
		{
			"from": [6.5, 8, 7.575],
			"to": [7, 8.5, 8.175],
			"faces": {
				"north": {"uv": [1.75, 2.25, 2, 2.5], "texture": "#0"},
				"east": {"uv": [1.75, 2.25, 2, 2.5], "texture": "#0"},
				"south": {"uv": [1.75, 2.25, 2, 2.5], "texture": "#0"},
				"west": {"uv": [0, 0, 0.25, 0.25], "texture": "#0"},
				"up": {"uv": [0, 0, 0.25, 0.25], "texture": "#0"},
				"down": {"uv": [1.75, 2.25, 2, 2.5], "texture": "#0"}
			}
		},
		{
			"from": [12.425, 7.65, 8.175],
			"to": [12.75, 7.975, 8.425],
			"faces": {
				"north": {"uv": [7.5, 7, 8, 7.5], "texture": "#1"},
				"east": {"uv": [7.5, 7, 8, 7.5], "texture": "#1"},
				"south": {"uv": [7.5, 7, 8, 7.5], "texture": "#1"},
				"west": {"uv": [0, 0, 0.125, 0.1625], "texture": "#missing"},
				"up": {"uv": [7.5, 7, 8, 7.5], "texture": "#1"},
				"down": {"uv": [7.5, 7, 8, 7.5], "texture": "#1"}
			}
		},
		{
			"from": [12.1, 7.975, 8.175],
			"to": [12.425, 8.3, 8.425],
			"faces": {
				"north": {"uv": [7, 6.5, 7.5, 7], "texture": "#1"},
				"east": {"uv": [7, 6.5, 7.5, 7], "texture": "#1"},
				"south": {"uv": [7, 6.5, 7.5, 7], "texture": "#1"},
				"west": {"uv": [0, 0, 0.125, 0.1625], "texture": "#missing"},
				"up": {"uv": [0, 0, 0.1625, 0.125], "texture": "#missing"},
				"down": {"uv": [0, 0, 0.1625, 0.125], "texture": "#missing"}
			}
		},
		{
			"from": [12.1, 8.3, 8.175],
			"to": [12.425, 8.625, 8.425],
			"faces": {
				"north": {"uv": [7, 6, 7.5, 6.5], "texture": "#1"},
				"east": {"uv": [0, 0, 0.125, 0.1625], "texture": "#missing"},
				"south": {"uv": [7, 6, 7.5, 6.5], "texture": "#1"},
				"west": {"uv": [0, 0, 0.125, 0.1625], "texture": "#missing"},
				"up": {"uv": [7, 6, 7.5, 6.5], "texture": "#1"},
				"down": {"uv": [0, 0, 0.1625, 0.125], "texture": "#missing"}
			}
		},
		{
			"from": [12.425, 8.3, 8.175],
			"to": [12.75, 8.625, 8.425],
			"faces": {
				"north": {"uv": [7.5, 6, 8, 6.5], "texture": "#1"},
				"east": {"uv": [7.5, 6, 8, 6.5], "texture": "#1"},
				"south": {"uv": [7.5, 6, 8, 6.5], "texture": "#1"},
				"west": {"uv": [0, 0, 0.125, 0.1625], "texture": "#missing"},
				"up": {"uv": [7.5, 6, 8, 6.5], "texture": "#1"},
				"down": {"uv": [7.5, 6, 8, 6.5], "texture": "#1"}
			}
		},
		{
			"from": [11.775, 8.3, 8.175],
			"to": [12.1, 8.625, 8.425],
			"faces": {
				"north": {"uv": [6.5, 6, 7, 6.5], "texture": "#1"},
				"east": {"uv": [0, 0, 0.125, 0.1625], "texture": "#missing"},
				"south": {"uv": [6.5, 6, 7, 6.5], "texture": "#1"},
				"west": {"uv": [0, 0, 0.125, 0.1625], "texture": "#missing"},
				"up": {"uv": [6.5, 6, 7, 6.5], "texture": "#1"},
				"down": {"uv": [0, 0, 0.1625, 0.125], "texture": "#missing"}
			}
		},
		{
			"from": [11.775, 7.975, 8.175],
			"to": [12.1, 8.3, 8.425],
			"faces": {
				"north": {"uv": [6.5, 6.5, 7, 7], "texture": "#1"},
				"east": {"uv": [0, 0, 0.125, 0.1625], "texture": "#missing"},
				"south": {"uv": [6.5, 6.5, 7, 7], "texture": "#1"},
				"west": {"uv": [0, 0, 0.125, 0.1625], "texture": "#missing"},
				"up": {"uv": [0, 0, 0.1625, 0.125], "texture": "#missing"},
				"down": {"uv": [0, 0, 0.1625, 0.125], "texture": "#missing"}
			}
		},
		{
			"from": [11.775, 7.65, 8.175],
			"to": [12.1, 7.975, 8.425],
			"faces": {
				"north": {"uv": [6.5, 7, 7, 7.5], "texture": "#1"},
				"east": {"uv": [0, 0, 0.125, 0.1625], "texture": "#missing"},
				"south": {"uv": [6.5, 7, 7, 7.5], "texture": "#1"},
				"west": {"uv": [0, 0, 0.125, 0.1625], "texture": "#missing"},
				"up": {"uv": [0, 0, 0.1625, 0.125], "texture": "#missing"},
				"down": {"uv": [6.5, 7, 7, 7.5], "texture": "#1"}
			}
		},
		{
			"from": [11.45, 7.65, 8.175],
			"to": [11.775, 7.975, 8.425],
			"faces": {
				"north": {"uv": [6, 7, 6.5, 7.5], "texture": "#1"},
				"east": {"uv": [0, 0, 0.125, 0.1625], "texture": "#missing"},
				"south": {"uv": [6, 7, 6.5, 7.5], "texture": "#1"},
				"west": {"uv": [6, 7, 6.5, 7.5], "texture": "#1"},
				"up": {"uv": [0, 0, 0.1625, 0.125], "texture": "#missing"},
				"down": {"uv": [0, 0, 0.1625, 0.125], "texture": "#missing"}
			}
		},
		{
			"from": [11.45, 7.975, 8.175],
			"to": [11.775, 8.3, 8.425],
			"faces": {
				"north": {"uv": [6, 6.5, 6.5, 7], "texture": "#1"},
				"east": {"uv": [0, 0, 0.125, 0.1625], "texture": "#missing"},
				"south": {"uv": [6, 6.5, 6.5, 7], "texture": "#1"},
				"west": {"uv": [6, 6.5, 6.5, 7], "texture": "#1"},
				"up": {"uv": [0, 0, 0.1625, 0.125], "texture": "#missing"},
				"down": {"uv": [0, 0, 0.1625, 0.125], "texture": "#missing"}
			}
		},
		{
			"from": [11.2878, 8.4625, 8.1751],
			"to": [11.6128, 8.7875, 8.4249],
			"faces": {
				"north": {"uv": [6, 5.75, 6.25, 6], "texture": "#1"},
				"east": {"uv": [6, 5.75, 6.25, 6], "texture": "#1"},
				"south": {"uv": [6, 5.75, 6.25, 6], "texture": "#1"},
				"west": {"uv": [6, 5.75, 6.25, 6], "texture": "#1"},
				"up": {"uv": [6, 5.75, 6.25, 6], "texture": "#1"},
				"down": {"uv": [6, 5.75, 6.25, 6], "texture": "#1"}
			}
		},
		{
			"from": [10.6378, 9.1125, 8.1751],
			"to": [10.9628, 9.4375, 8.4249],
			"faces": {
				"north": {"uv": [5, 4.75, 5.25, 5], "texture": "#1"},
				"east": {"uv": [5, 4.75, 5.25, 5], "texture": "#1"},
				"south": {"uv": [5, 4.75, 5.25, 5], "texture": "#1"},
				"west": {"uv": [5, 4.75, 5.25, 5], "texture": "#1"},
				"up": {"uv": [5, 4.75, 5.25, 5], "texture": "#1"},
				"down": {"uv": [5, 4.75, 5.25, 5], "texture": "#1"}
			}
		},
		{
			"from": [9.9878, 9.7625, 8.1751],
			"to": [10.3128, 10.0875, 8.4249],
			"faces": {
				"north": {"uv": [4, 3.75, 4.25, 4], "texture": "#1"},
				"east": {"uv": [4, 3.75, 4.25, 4], "texture": "#1"},
				"south": {"uv": [4, 3.75, 4.25, 4], "texture": "#1"},
				"west": {"uv": [4, 3.75, 4.25, 4], "texture": "#1"},
				"up": {"uv": [4, 3.75, 4.25, 4], "texture": "#1"},
				"down": {"uv": [4, 3.75, 4.25, 4], "texture": "#1"}
			}
		},
		{
			"from": [9.3378, 10.4125, 8.1751],
			"to": [9.6628, 10.7375, 8.4249],
			"faces": {
				"north": {"uv": [3, 2.75, 3.25, 3], "texture": "#1"},
				"east": {"uv": [3, 2.75, 3.25, 3], "texture": "#1"},
				"south": {"uv": [3, 2.75, 3.25, 3], "texture": "#1"},
				"west": {"uv": [3, 2.75, 3.25, 3], "texture": "#1"},
				"up": {"uv": [3, 2.75, 3.25, 3], "texture": "#1"},
				"down": {"uv": [3, 2.75, 3.25, 3], "texture": "#1"}
			}
		},
		{
			"from": [10.9628, 8.7875, 8.1751],
			"to": [11.2878, 9.1125, 8.4249],
			"faces": {
				"north": {"uv": [5.5, 5.25, 5.75, 5.5], "texture": "#1"},
				"east": {"uv": [5.5, 5.25, 5.75, 5.5], "texture": "#1"},
				"south": {"uv": [5.5, 5.25, 5.75, 5.5], "texture": "#1"},
				"west": {"uv": [5.5, 5.25, 5.75, 5.5], "texture": "#1"},
				"up": {"uv": [5.5, 5.25, 5.75, 5.5], "texture": "#1"},
				"down": {"uv": [5.5, 5.25, 5.75, 5.5], "texture": "#1"}
			}
		},
		{
			"from": [10.3128, 9.4375, 8.1751],
			"to": [10.6378, 9.7625, 8.4249],
			"faces": {
				"north": {"uv": [4.5, 4.25, 4.75, 4.5], "texture": "#1"},
				"east": {"uv": [4.5, 4.25, 4.75, 4.5], "texture": "#1"},
				"south": {"uv": [4.5, 4.25, 4.75, 4.5], "texture": "#1"},
				"west": {"uv": [4.5, 4.25, 4.75, 4.5], "texture": "#1"},
				"up": {"uv": [4.5, 4.25, 4.75, 4.5], "texture": "#1"},
				"down": {"uv": [4.5, 4.25, 4.75, 4.5], "texture": "#1"}
			}
		},
		{
			"from": [9.6628, 10.0875, 8.1751],
			"to": [9.9878, 10.4125, 8.4249],
			"faces": {
				"north": {"uv": [3.5, 3.25, 3.75, 3.5], "texture": "#1"},
				"east": {"uv": [3.5, 3.25, 3.75, 3.5], "texture": "#1"},
				"south": {"uv": [3.5, 3.25, 3.75, 3.5], "texture": "#1"},
				"west": {"uv": [3.5, 3.25, 3.75, 3.5], "texture": "#1"},
				"up": {"uv": [3.5, 3.25, 3.75, 3.5], "texture": "#1"},
				"down": {"uv": [3.5, 3.25, 3.75, 3.5], "texture": "#1"}
			}
		},
		{
			"from": [9.0128, 10.7375, 8.1751],
			"to": [9.3378, 11.0625, 8.4249],
			"faces": {
				"north": {"uv": [2.5, 2.25, 2.75, 2.5], "texture": "#1"},
				"east": {"uv": [2.5, 2.25, 2.75, 2.5], "texture": "#1"},
				"south": {"uv": [2.5, 2.25, 2.75, 2.5], "texture": "#1"},
				"west": {"uv": [2.5, 2.25, 2.75, 2.5], "texture": "#1"},
				"up": {"uv": [2.5, 2.25, 2.75, 2.5], "texture": "#1"},
				"down": {"uv": [2.5, 2.25, 2.75, 2.5], "texture": "#1"}
			}
		},
		{
			"from": [11.45, 8.3, 8.175],
			"to": [11.775, 8.625, 8.425],
			"faces": {
				"north": {"uv": [6, 6, 6.5, 6.5], "texture": "#1"},
				"east": {"uv": [0, 0, 0.125, 0.1625], "texture": "#missing"},
				"south": {"uv": [6, 6, 6.5, 6.5], "texture": "#1"},
				"west": {"uv": [6, 6, 6.5, 6.5], "texture": "#1"},
				"up": {"uv": [6, 6, 6.5, 6.5], "texture": "#1"},
				"down": {"uv": [0, 0, 0.1625, 0.125], "texture": "#missing"}
			}
		},
		{
			"from": [11.125, 8.625, 8.175],
			"to": [11.45, 8.95, 8.425],
			"faces": {
				"north": {"uv": [5.5, 5.5, 6, 6], "texture": "#1"},
				"east": {"uv": [5.5, 5.5, 6, 6], "texture": "#1"},
				"south": {"uv": [5.5, 5.5, 6, 6], "texture": "#1"},
				"west": {"uv": [5.5, 5.5, 6, 6], "texture": "#1"},
				"up": {"uv": [5.5, 5.5, 6, 6], "texture": "#1"},
				"down": {"uv": [5.5, 5.5, 6, 6], "texture": "#1"}
			}
		},
		{
			"from": [10.475, 9.275, 8.175],
			"to": [10.8, 9.6, 8.425],
			"faces": {
				"north": {"uv": [4.5, 4.5, 5, 5], "texture": "#1"},
				"east": {"uv": [4.5, 4.5, 5, 5], "texture": "#1"},
				"south": {"uv": [4.5, 4.5, 5, 5], "texture": "#1"},
				"west": {"uv": [4.5, 4.5, 5, 5], "texture": "#1"},
				"up": {"uv": [4.5, 4.5, 5, 5], "texture": "#1"},
				"down": {"uv": [4.5, 4.5, 5, 5], "texture": "#1"}
			}
		},
		{
			"from": [9.825, 9.925, 8.175],
			"to": [10.15, 10.25, 8.425],
			"faces": {
				"north": {"uv": [3.5, 3.5, 4, 4], "texture": "#1"},
				"east": {"uv": [3.5, 3.5, 4, 4], "texture": "#1"},
				"south": {"uv": [3.5, 3.5, 4, 4], "texture": "#1"},
				"west": {"uv": [3.5, 3.5, 4, 4], "texture": "#1"},
				"up": {"uv": [3.5, 3.5, 4, 4], "texture": "#1"},
				"down": {"uv": [3.5, 3.5, 4, 4], "texture": "#1"}
			}
		},
		{
			"from": [9.175, 10.575, 8.175],
			"to": [9.5, 10.9, 8.425],
			"faces": {
				"north": {"uv": [2.5, 2.5, 3, 3], "texture": "#1"},
				"east": {"uv": [2.5, 2.5, 3, 3], "texture": "#1"},
				"south": {"uv": [2.5, 2.5, 3, 3], "texture": "#1"},
				"west": {"uv": [2.5, 2.5, 3, 3], "texture": "#1"},
				"up": {"uv": [2.5, 2.5, 3, 3], "texture": "#1"},
				"down": {"uv": [2.5, 2.5, 3, 3], "texture": "#1"}
			}
		},
		{
			"from": [10.8, 8.95, 8.175],
			"to": [11.125, 9.275, 8.425],
			"faces": {
				"north": {"uv": [5, 5, 5.5, 5.5], "texture": "#1"},
				"east": {"uv": [5, 5, 5.5, 5.5], "texture": "#1"},
				"south": {"uv": [5, 5, 5.5, 5.5], "texture": "#1"},
				"west": {"uv": [5, 5, 5.5, 5.5], "texture": "#1"},
				"up": {"uv": [5, 5, 5.5, 5.5], "texture": "#1"},
				"down": {"uv": [5, 5, 5.5, 5.5], "texture": "#1"}
			}
		},
		{
			"from": [10.15, 9.6, 8.175],
			"to": [10.475, 9.925, 8.425],
			"faces": {
				"north": {"uv": [4, 4, 4.5, 4.5], "texture": "#1"},
				"east": {"uv": [4, 4, 4.5, 4.5], "texture": "#1"},
				"south": {"uv": [4, 4, 4.5, 4.5], "texture": "#1"},
				"west": {"uv": [4, 4, 4.5, 4.5], "texture": "#1"},
				"up": {"uv": [4, 4, 4.5, 4.5], "texture": "#1"},
				"down": {"uv": [4, 4, 4.5, 4.5], "texture": "#1"}
			}
		},
		{
			"from": [9.5, 10.25, 8.175],
			"to": [9.825, 10.575, 8.425],
			"faces": {
				"north": {"uv": [3, 3, 3.5, 3.5], "texture": "#1"},
				"east": {"uv": [3, 3, 3.5, 3.5], "texture": "#1"},
				"south": {"uv": [3, 3, 3.5, 3.5], "texture": "#1"},
				"west": {"uv": [3, 3, 3.5, 3.5], "texture": "#1"},
				"up": {"uv": [3, 3, 3.5, 3.5], "texture": "#1"},
				"down": {"uv": [3, 3, 3.5, 3.5], "texture": "#1"}
			}
		},
		{
			"from": [8.85, 10.9, 8.175],
			"to": [9.175, 11.225, 8.425],
			"faces": {
				"north": {"uv": [2, 2, 2.5, 2.5], "texture": "#1"},
				"east": {"uv": [2, 2, 2.5, 2.5], "texture": "#1"},
				"south": {"uv": [2, 2, 2.5, 2.5], "texture": "#1"},
				"west": {"uv": [0, 0, 0.125, 0.1625], "texture": "#missing"},
				"up": {"uv": [0, 0, 0.1625, 0.125], "texture": "#missing"},
				"down": {"uv": [2, 2, 2.5, 2.5], "texture": "#1"}
			}
		},
		{
			"from": [8.525, 11.225, 8.175],
			"to": [8.85, 11.55, 8.425],
			"faces": {
				"north": {"uv": [1.5, 1.5, 2, 2], "texture": "#1"},
				"east": {"uv": [0, 0, 0.125, 0.1625], "texture": "#missing"},
				"south": {"uv": [1.5, 1.5, 2, 2], "texture": "#1"},
				"west": {"uv": [0, 0, 0.125, 0.1625], "texture": "#missing"},
				"up": {"uv": [0, 0, 0.1625, 0.125], "texture": "#missing"},
				"down": {"uv": [0, 0, 0.1625, 0.125], "texture": "#missing"}
			}
		},
		{
			"from": [8.525, 10.9, 8.175],
			"to": [8.85, 11.225, 8.425],
			"faces": {
				"north": {"uv": [1.5, 2, 2, 2.5], "texture": "#1"},
				"east": {"uv": [0, 0, 0.125, 0.1625], "texture": "#missing"},
				"south": {"uv": [1.5, 2, 2, 2.5], "texture": "#1"},
				"west": {"uv": [0, 0, 0.125, 0.1625], "texture": "#missing"},
				"up": {"uv": [0, 0, 0.1625, 0.125], "texture": "#missing"},
				"down": {"uv": [0, 0, 0.1625, 0.125], "texture": "#missing"}
			}
		},
		{
			"from": [8.2, 10.9, 8.175],
			"to": [8.525, 11.225, 8.425],
			"faces": {
				"north": {"uv": [1, 2, 1.5, 2.5], "texture": "#1"},
				"east": {"uv": [0, 0, 0.125, 0.1625], "texture": "#missing"},
				"south": {"uv": [1, 2, 1.5, 2.5], "texture": "#1"},
				"west": {"uv": [1, 2, 1.5, 2.5], "texture": "#1"},
				"up": {"uv": [0, 0, 0.1625, 0.125], "texture": "#missing"},
				"down": {"uv": [1, 2, 1.5, 2.5], "texture": "#1"}
			}
		},
		{
			"from": [8.2, 11.225, 8.175],
			"to": [8.525, 11.55, 8.425],
			"faces": {
				"north": {"uv": [1, 1.5, 1.5, 2], "texture": "#1"},
				"east": {"uv": [0, 0, 0.125, 0.1625], "texture": "#missing"},
				"south": {"uv": [1, 1.5, 1.5, 2], "texture": "#1"},
				"west": {"uv": [1, 1.5, 1.5, 2], "texture": "#1"},
				"up": {"uv": [0, 0, 0.1625, 0.125], "texture": "#missing"},
				"down": {"uv": [0, 0, 0.1625, 0.125], "texture": "#missing"}
			}
		},
		{
			"from": [8.2, 11.55, 8.175],
			"to": [8.525, 11.875, 8.425],
			"faces": {
				"north": {"uv": [1, 1, 1.5, 1.5], "texture": "#1"},
				"east": {"uv": [0, 0, 0.125, 0.1625], "texture": "#missing"},
				"south": {"uv": [1, 1, 1.5, 1.5], "texture": "#1"},
				"west": {"uv": [1, 1, 1.5, 1.5], "texture": "#1"},
				"up": {"uv": [1, 1, 1.5, 1.5], "texture": "#1"},
				"down": {"uv": [0, 0, 0.1625, 0.125], "texture": "#missing"}
			}
		},
		{
			"from": [8.525, 11.55, 8.175],
			"to": [8.85, 11.875, 8.425],
			"faces": {
				"north": {"uv": [1.5, 1, 2, 1.5], "texture": "#1"},
				"east": {"uv": [0, 0, 0.125, 0.1625], "texture": "#missing"},
				"south": {"uv": [1.5, 1, 2, 1.5], "texture": "#1"},
				"west": {"uv": [0, 0, 0.125, 0.1625], "texture": "#missing"},
				"up": {"uv": [1.5, 1, 2, 1.5], "texture": "#1"},
				"down": {"uv": [0, 0, 0.1625, 0.125], "texture": "#missing"}
			}
		},
		{
			"from": [8.85, 11.55, 8.175],
			"to": [9.175, 11.875, 8.425],
			"faces": {
				"north": {"uv": [2, 1, 2.5, 1.5], "texture": "#1"},
				"east": {"uv": [2, 1, 2.5, 1.5], "texture": "#1"},
				"south": {"uv": [2, 1, 2.5, 1.5], "texture": "#1"},
				"west": {"uv": [0, 0, 0.125, 0.1625], "texture": "#missing"},
				"up": {"uv": [2, 1, 2.5, 1.5], "texture": "#1"},
				"down": {"uv": [0, 0, 0.1625, 0.125], "texture": "#missing"}
			}
		},
		{
			"from": [8.525, 10.575, 8.175],
			"to": [8.85, 10.9, 8.425],
			"faces": {
				"north": {"uv": [1.5, 2.5, 2, 3], "texture": "#1"},
				"east": {"uv": [1.5, 2.5, 2, 3], "texture": "#1"},
				"south": {"uv": [1.5, 2.5, 2, 3], "texture": "#1"},
				"west": {"uv": [1.5, 2.5, 2, 3], "texture": "#1"},
				"up": {"uv": [0, 0, 0.1625, 0.125], "texture": "#missing"},
				"down": {"uv": [1.5, 2.5, 2, 3], "texture": "#1"}
			}
		},
		{
			"from": [8.85, 11.225, 8.175],
			"to": [9.175, 11.55, 8.425],
			"faces": {
				"north": {"uv": [2, 1.5, 2.5, 2], "texture": "#1"},
				"east": {"uv": [0, 0, 0.125, 0.1625], "texture": "#missing"},
				"south": {"uv": [2, 1.5, 2.5, 2], "texture": "#1"},
				"west": {"uv": [0, 0, 0.125, 0.1625], "texture": "#missing"},
				"up": {"uv": [0, 0, 0.1625, 0.125], "texture": "#missing"},
				"down": {"uv": [0, 0, 0.1625, 0.125], "texture": "#missing"}
			}
		},
		{
			"from": [9.175, 11.225, 8.175],
			"to": [9.5, 11.55, 8.425],
			"faces": {
				"north": {"uv": [2.5, 1.5, 3, 2], "texture": "#1"},
				"east": {"uv": [2.5, 1.5, 3, 2], "texture": "#1"},
				"south": {"uv": [2.5, 1.5, 3, 2], "texture": "#1"},
				"west": {"uv": [0, 0, 0.125, 0.1625], "texture": "#missing"},
				"up": {"uv": [2.5, 1.5, 3, 2], "texture": "#1"},
				"down": {"uv": [2.5, 1.5, 3, 2], "texture": "#1"}
			}
		},
		{
			"from": [11.45, 7.325, 8.175],
			"to": [11.775, 7.65, 8.425],
			"faces": {
				"north": {"uv": [6, 7.5, 6.5, 8], "texture": "#1"},
				"east": {"uv": [6, 7.5, 6.5, 8], "texture": "#1"},
				"south": {"uv": [6, 7.5, 6.5, 8], "texture": "#1"},
				"west": {"uv": [6, 7.5, 6.5, 8], "texture": "#1"},
				"up": {"uv": [0, 0, 0.1625, 0.125], "texture": "#missing"},
				"down": {"uv": [6, 7.5, 6.5, 8], "texture": "#1"}
			}
		},
		{
			"from": [12.1, 7.325, 8.175],
			"to": [12.425, 7.65, 8.425],
			"faces": {
				"north": {"uv": [7, 7.5, 7.5, 8], "texture": "#1"},
				"east": {"uv": [7, 7.5, 7.5, 8], "texture": "#1"},
				"south": {"uv": [7, 7.5, 7.5, 8], "texture": "#1"},
				"west": {"uv": [7, 7.5, 7.5, 8], "texture": "#1"},
				"up": {"uv": [0, 0, 0.1625, 0.125], "texture": "#missing"},
				"down": {"uv": [7, 7.5, 7.5, 8], "texture": "#1"}
			}
		},
		{
			"from": [12.1, 7.65, 8.175],
			"to": [12.425, 7.975, 8.425],
			"faces": {
				"north": {"uv": [7, 7, 7.5, 7.5], "texture": "#1"},
				"east": {"uv": [0, 0, 0.125, 0.1625], "texture": "#missing"},
				"south": {"uv": [7, 7, 7.5, 7.5], "texture": "#1"},
				"west": {"uv": [0, 0, 0.125, 0.1625], "texture": "#missing"},
				"up": {"uv": [0, 0, 0.1625, 0.125], "texture": "#missing"},
				"down": {"uv": [0, 0, 0.1625, 0.125], "texture": "#missing"}
			}
		},
		{
			"from": [9.175, 6.35, 8.175],
			"to": [9.5, 6.675, 8.425],
			"faces": {
				"north": {"uv": [7.5, 7, 8, 7.5], "texture": "#1"},
				"east": {"uv": [7.5, 7, 8, 7.5], "texture": "#1"},
				"south": {"uv": [7.5, 7, 8, 7.5], "texture": "#1"},
				"west": {"uv": [0, 0, 0.125, 0.1625], "texture": "#missing"},
				"up": {"uv": [7.5, 7, 8, 7.5], "texture": "#1"},
				"down": {"uv": [7.5, 7, 8, 7.5], "texture": "#1"}
			}
		},
		{
			"from": [8.85, 6.675, 8.175],
			"to": [9.175, 7, 8.425],
			"faces": {
				"north": {"uv": [7, 6.5, 7.5, 7], "texture": "#1"},
				"east": {"uv": [7, 6.5, 7.5, 7], "texture": "#1"},
				"south": {"uv": [7, 6.5, 7.5, 7], "texture": "#1"},
				"west": {"uv": [0, 0, 0.125, 0.1625], "texture": "#missing"},
				"up": {"uv": [0, 0, 0.1625, 0.125], "texture": "#missing"},
				"down": {"uv": [0, 0, 0.1625, 0.125], "texture": "#missing"}
			}
		},
		{
			"from": [8.85, 7, 8.175],
			"to": [9.175, 7.325, 8.425],
			"faces": {
				"north": {"uv": [7, 6, 7.5, 6.5], "texture": "#1"},
				"east": {"uv": [0, 0, 0.125, 0.1625], "texture": "#missing"},
				"south": {"uv": [7, 6, 7.5, 6.5], "texture": "#1"},
				"west": {"uv": [0, 0, 0.125, 0.1625], "texture": "#missing"},
				"up": {"uv": [7, 6, 7.5, 6.5], "texture": "#1"},
				"down": {"uv": [0, 0, 0.1625, 0.125], "texture": "#missing"}
			}
		},
		{
			"from": [9.175, 7, 8.175],
			"to": [9.5, 7.325, 8.425],
			"faces": {
				"north": {"uv": [7.5, 6, 8, 6.5], "texture": "#1"},
				"east": {"uv": [7.5, 6, 8, 6.5], "texture": "#1"},
				"south": {"uv": [7.5, 6, 8, 6.5], "texture": "#1"},
				"west": {"uv": [0, 0, 0.125, 0.1625], "texture": "#missing"},
				"up": {"uv": [7.5, 6, 8, 6.5], "texture": "#1"},
				"down": {"uv": [7.5, 6, 8, 6.5], "texture": "#1"}
			}
		},
		{
			"from": [8.525, 7, 8.175],
			"to": [8.85, 7.325, 8.425],
			"faces": {
				"north": {"uv": [6.5, 6, 7, 6.5], "texture": "#1"},
				"east": {"uv": [0, 0, 0.125, 0.1625], "texture": "#missing"},
				"south": {"uv": [6.5, 6, 7, 6.5], "texture": "#1"},
				"west": {"uv": [0, 0, 0.125, 0.1625], "texture": "#missing"},
				"up": {"uv": [6.5, 6, 7, 6.5], "texture": "#1"},
				"down": {"uv": [0, 0, 0.1625, 0.125], "texture": "#missing"}
			}
		},
		{
			"from": [8.525, 6.675, 8.175],
			"to": [8.85, 7, 8.425],
			"faces": {
				"north": {"uv": [6.5, 6.5, 7, 7], "texture": "#1"},
				"east": {"uv": [0, 0, 0.125, 0.1625], "texture": "#missing"},
				"south": {"uv": [6.5, 6.5, 7, 7], "texture": "#1"},
				"west": {"uv": [0, 0, 0.125, 0.1625], "texture": "#missing"},
				"up": {"uv": [0, 0, 0.1625, 0.125], "texture": "#missing"},
				"down": {"uv": [0, 0, 0.1625, 0.125], "texture": "#missing"}
			}
		},
		{
			"from": [8.525, 6.35, 8.175],
			"to": [8.85, 6.675, 8.425],
			"faces": {
				"north": {"uv": [6.5, 7, 7, 7.5], "texture": "#1"},
				"east": {"uv": [0, 0, 0.125, 0.1625], "texture": "#missing"},
				"south": {"uv": [6.5, 7, 7, 7.5], "texture": "#1"},
				"west": {"uv": [0, 0, 0.125, 0.1625], "texture": "#missing"},
				"up": {"uv": [0, 0, 0.1625, 0.125], "texture": "#missing"},
				"down": {"uv": [6.5, 7, 7, 7.5], "texture": "#1"}
			}
		},
		{
			"from": [8.2, 6.35, 8.175],
			"to": [8.525, 6.675, 8.425],
			"faces": {
				"north": {"uv": [6, 7, 6.5, 7.5], "texture": "#1"},
				"east": {"uv": [0, 0, 0.125, 0.1625], "texture": "#missing"},
				"south": {"uv": [6, 7, 6.5, 7.5], "texture": "#1"},
				"west": {"uv": [6, 7, 6.5, 7.5], "texture": "#1"},
				"up": {"uv": [0, 0, 0.1625, 0.125], "texture": "#missing"},
				"down": {"uv": [0, 0, 0.1625, 0.125], "texture": "#missing"}
			}
		},
		{
			"from": [8.2, 6.675, 8.175],
			"to": [8.525, 7, 8.425],
			"faces": {
				"north": {"uv": [6, 6.5, 6.5, 7], "texture": "#1"},
				"east": {"uv": [0, 0, 0.125, 0.1625], "texture": "#missing"},
				"south": {"uv": [6, 6.5, 6.5, 7], "texture": "#1"},
				"west": {"uv": [6, 6.5, 6.5, 7], "texture": "#1"},
				"up": {"uv": [0, 0, 0.1625, 0.125], "texture": "#missing"},
				"down": {"uv": [0, 0, 0.1625, 0.125], "texture": "#missing"}
			}
		},
		{
			"from": [8.0378, 7.1625, 8.1751],
			"to": [8.3628, 7.4875, 8.4249],
			"faces": {
				"north": {"uv": [6, 5.75, 6.25, 6], "texture": "#1"},
				"east": {"uv": [6, 5.75, 6.25, 6], "texture": "#1"},
				"south": {"uv": [6, 5.75, 6.25, 6], "texture": "#1"},
				"west": {"uv": [6, 5.75, 6.25, 6], "texture": "#1"},
				"up": {"uv": [6, 5.75, 6.25, 6], "texture": "#1"},
				"down": {"uv": [6, 5.75, 6.25, 6], "texture": "#1"}
			}
		},
		{
			"from": [7.3878, 7.8125, 8.1751],
			"to": [7.7128, 8.1375, 8.4249],
			"faces": {
				"north": {"uv": [5, 4.75, 5.25, 5], "texture": "#1"},
				"east": {"uv": [5, 4.75, 5.25, 5], "texture": "#1"},
				"south": {"uv": [5, 4.75, 5.25, 5], "texture": "#1"},
				"west": {"uv": [5, 4.75, 5.25, 5], "texture": "#1"},
				"up": {"uv": [5, 4.75, 5.25, 5], "texture": "#1"},
				"down": {"uv": [5, 4.75, 5.25, 5], "texture": "#1"}
			}
		},
		{
			"from": [6.7378, 8.4625, 8.1751],
			"to": [7.0628, 8.7875, 8.4249],
			"faces": {
				"north": {"uv": [4, 3.75, 4.25, 4], "texture": "#1"},
				"east": {"uv": [4, 3.75, 4.25, 4], "texture": "#1"},
				"south": {"uv": [4, 3.75, 4.25, 4], "texture": "#1"},
				"west": {"uv": [4, 3.75, 4.25, 4], "texture": "#1"},
				"up": {"uv": [4, 3.75, 4.25, 4], "texture": "#1"},
				"down": {"uv": [4, 3.75, 4.25, 4], "texture": "#1"}
			}
		},
		{
			"from": [6.0878, 9.1125, 8.1751],
			"to": [6.4128, 9.4375, 8.4249],
			"faces": {
				"north": {"uv": [3, 2.75, 3.25, 3], "texture": "#1"},
				"east": {"uv": [3, 2.75, 3.25, 3], "texture": "#1"},
				"south": {"uv": [3, 2.75, 3.25, 3], "texture": "#1"},
				"west": {"uv": [3, 2.75, 3.25, 3], "texture": "#1"},
				"up": {"uv": [3, 2.75, 3.25, 3], "texture": "#1"},
				"down": {"uv": [3, 2.75, 3.25, 3], "texture": "#1"}
			}
		},
		{
			"from": [7.7128, 7.4875, 8.1751],
			"to": [8.0378, 7.8125, 8.4249],
			"faces": {
				"north": {"uv": [5.5, 5.25, 5.75, 5.5], "texture": "#1"},
				"east": {"uv": [5.5, 5.25, 5.75, 5.5], "texture": "#1"},
				"south": {"uv": [5.5, 5.25, 5.75, 5.5], "texture": "#1"},
				"west": {"uv": [5.5, 5.25, 5.75, 5.5], "texture": "#1"},
				"up": {"uv": [5.5, 5.25, 5.75, 5.5], "texture": "#1"},
				"down": {"uv": [5.5, 5.25, 5.75, 5.5], "texture": "#1"}
			}
		},
		{
			"from": [7.0628, 8.1375, 8.1751],
			"to": [7.3878, 8.4625, 8.4249],
			"faces": {
				"north": {"uv": [4.5, 4.25, 4.75, 4.5], "texture": "#1"},
				"east": {"uv": [4.5, 4.25, 4.75, 4.5], "texture": "#1"},
				"south": {"uv": [4.5, 4.25, 4.75, 4.5], "texture": "#1"},
				"west": {"uv": [4.5, 4.25, 4.75, 4.5], "texture": "#1"},
				"up": {"uv": [4.5, 4.25, 4.75, 4.5], "texture": "#1"},
				"down": {"uv": [4.5, 4.25, 4.75, 4.5], "texture": "#1"}
			}
		},
		{
			"from": [6.4128, 8.7875, 8.1751],
			"to": [6.7378, 9.1125, 8.4249],
			"faces": {
				"north": {"uv": [3.5, 3.25, 3.75, 3.5], "texture": "#1"},
				"east": {"uv": [3.5, 3.25, 3.75, 3.5], "texture": "#1"},
				"south": {"uv": [3.5, 3.25, 3.75, 3.5], "texture": "#1"},
				"west": {"uv": [3.5, 3.25, 3.75, 3.5], "texture": "#1"},
				"up": {"uv": [3.5, 3.25, 3.75, 3.5], "texture": "#1"},
				"down": {"uv": [3.5, 3.25, 3.75, 3.5], "texture": "#1"}
			}
		},
		{
			"from": [5.7628, 9.4375, 8.1751],
			"to": [6.0878, 9.7625, 8.4249],
			"faces": {
				"north": {"uv": [2.5, 2.25, 2.75, 2.5], "texture": "#1"},
				"east": {"uv": [2.5, 2.25, 2.75, 2.5], "texture": "#1"},
				"south": {"uv": [2.5, 2.25, 2.75, 2.5], "texture": "#1"},
				"west": {"uv": [2.5, 2.25, 2.75, 2.5], "texture": "#1"},
				"up": {"uv": [2.5, 2.25, 2.75, 2.5], "texture": "#1"},
				"down": {"uv": [2.5, 2.25, 2.75, 2.5], "texture": "#1"}
			}
		},
		{
			"from": [8.2, 7, 8.175],
			"to": [8.525, 7.325, 8.425],
			"faces": {
				"north": {"uv": [6, 6, 6.5, 6.5], "texture": "#1"},
				"east": {"uv": [0, 0, 0.125, 0.1625], "texture": "#missing"},
				"south": {"uv": [6, 6, 6.5, 6.5], "texture": "#1"},
				"west": {"uv": [6, 6, 6.5, 6.5], "texture": "#1"},
				"up": {"uv": [6, 6, 6.5, 6.5], "texture": "#1"},
				"down": {"uv": [0, 0, 0.1625, 0.125], "texture": "#missing"}
			}
		},
		{
			"from": [7.875, 7.325, 8.175],
			"to": [8.2, 7.65, 8.425],
			"faces": {
				"north": {"uv": [5.5, 5.5, 6, 6], "texture": "#1"},
				"east": {"uv": [5.5, 5.5, 6, 6], "texture": "#1"},
				"south": {"uv": [5.5, 5.5, 6, 6], "texture": "#1"},
				"west": {"uv": [5.5, 5.5, 6, 6], "texture": "#1"},
				"up": {"uv": [5.5, 5.5, 6, 6], "texture": "#1"},
				"down": {"uv": [5.5, 5.5, 6, 6], "texture": "#1"}
			}
		},
		{
			"from": [7.225, 7.975, 8.175],
			"to": [7.55, 8.3, 8.425],
			"faces": {
				"north": {"uv": [4.5, 4.5, 5, 5], "texture": "#1"},
				"east": {"uv": [4.5, 4.5, 5, 5], "texture": "#1"},
				"south": {"uv": [4.5, 4.5, 5, 5], "texture": "#1"},
				"west": {"uv": [4.5, 4.5, 5, 5], "texture": "#1"},
				"up": {"uv": [4.5, 4.5, 5, 5], "texture": "#1"},
				"down": {"uv": [4.5, 4.5, 5, 5], "texture": "#1"}
			}
		},
		{
			"from": [6.575, 8.625, 8.175],
			"to": [6.9, 8.95, 8.425],
			"faces": {
				"north": {"uv": [3.5, 3.5, 4, 4], "texture": "#1"},
				"east": {"uv": [3.5, 3.5, 4, 4], "texture": "#1"},
				"south": {"uv": [3.5, 3.5, 4, 4], "texture": "#1"},
				"west": {"uv": [3.5, 3.5, 4, 4], "texture": "#1"},
				"up": {"uv": [3.5, 3.5, 4, 4], "texture": "#1"},
				"down": {"uv": [3.5, 3.5, 4, 4], "texture": "#1"}
			}
		},
		{
			"from": [5.925, 9.275, 8.175],
			"to": [6.25, 9.6, 8.425],
			"faces": {
				"north": {"uv": [2.5, 2.5, 3, 3], "texture": "#1"},
				"east": {"uv": [2.5, 2.5, 3, 3], "texture": "#1"},
				"south": {"uv": [2.5, 2.5, 3, 3], "texture": "#1"},
				"west": {"uv": [2.5, 2.5, 3, 3], "texture": "#1"},
				"up": {"uv": [2.5, 2.5, 3, 3], "texture": "#1"},
				"down": {"uv": [2.5, 2.5, 3, 3], "texture": "#1"}
			}
		},
		{
			"from": [7.55, 7.65, 8.175],
			"to": [7.875, 7.975, 8.425],
			"faces": {
				"north": {"uv": [5, 5, 5.5, 5.5], "texture": "#1"},
				"east": {"uv": [5, 5, 5.5, 5.5], "texture": "#1"},
				"south": {"uv": [5, 5, 5.5, 5.5], "texture": "#1"},
				"west": {"uv": [5, 5, 5.5, 5.5], "texture": "#1"},
				"up": {"uv": [5, 5, 5.5, 5.5], "texture": "#1"},
				"down": {"uv": [5, 5, 5.5, 5.5], "texture": "#1"}
			}
		},
		{
			"from": [6.9, 8.3, 8.175],
			"to": [7.225, 8.625, 8.425],
			"faces": {
				"north": {"uv": [4, 4, 4.5, 4.5], "texture": "#1"},
				"east": {"uv": [4, 4, 4.5, 4.5], "texture": "#1"},
				"south": {"uv": [4, 4, 4.5, 4.5], "texture": "#1"},
				"west": {"uv": [4, 4, 4.5, 4.5], "texture": "#1"},
				"up": {"uv": [4, 4, 4.5, 4.5], "texture": "#1"},
				"down": {"uv": [4, 4, 4.5, 4.5], "texture": "#1"}
			}
		},
		{
			"from": [6.25, 8.95, 8.175],
			"to": [6.575, 9.275, 8.425],
			"faces": {
				"north": {"uv": [3, 3, 3.5, 3.5], "texture": "#1"},
				"east": {"uv": [3, 3, 3.5, 3.5], "texture": "#1"},
				"south": {"uv": [3, 3, 3.5, 3.5], "texture": "#1"},
				"west": {"uv": [3, 3, 3.5, 3.5], "texture": "#1"},
				"up": {"uv": [3, 3, 3.5, 3.5], "texture": "#1"},
				"down": {"uv": [3, 3, 3.5, 3.5], "texture": "#1"}
			}
		},
		{
			"from": [5.6, 9.6, 8.175],
			"to": [5.925, 9.925, 8.425],
			"faces": {
				"north": {"uv": [2, 2, 2.5, 2.5], "texture": "#1"},
				"east": {"uv": [2, 2, 2.5, 2.5], "texture": "#1"},
				"south": {"uv": [2, 2, 2.5, 2.5], "texture": "#1"},
				"west": {"uv": [0, 0, 0.125, 0.1625], "texture": "#missing"},
				"up": {"uv": [0, 0, 0.1625, 0.125], "texture": "#missing"},
				"down": {"uv": [2, 2, 2.5, 2.5], "texture": "#1"}
			}
		},
		{
			"from": [5.275, 9.925, 8.175],
			"to": [5.6, 10.25, 8.425],
			"faces": {
				"north": {"uv": [1.5, 1.5, 2, 2], "texture": "#1"},
				"east": {"uv": [0, 0, 0.125, 0.1625], "texture": "#missing"},
				"south": {"uv": [1.5, 1.5, 2, 2], "texture": "#1"},
				"west": {"uv": [0, 0, 0.125, 0.1625], "texture": "#missing"},
				"up": {"uv": [0, 0, 0.1625, 0.125], "texture": "#missing"},
				"down": {"uv": [0, 0, 0.1625, 0.125], "texture": "#missing"}
			}
		},
		{
			"from": [5.275, 9.6, 8.175],
			"to": [5.6, 9.925, 8.425],
			"faces": {
				"north": {"uv": [1.5, 2, 2, 2.5], "texture": "#1"},
				"east": {"uv": [0, 0, 0.125, 0.1625], "texture": "#missing"},
				"south": {"uv": [1.5, 2, 2, 2.5], "texture": "#1"},
				"west": {"uv": [0, 0, 0.125, 0.1625], "texture": "#missing"},
				"up": {"uv": [0, 0, 0.1625, 0.125], "texture": "#missing"},
				"down": {"uv": [0, 0, 0.1625, 0.125], "texture": "#missing"}
			}
		},
		{
			"from": [4.95, 9.6, 8.175],
			"to": [5.275, 9.925, 8.425],
			"faces": {
				"north": {"uv": [1, 2, 1.5, 2.5], "texture": "#1"},
				"east": {"uv": [0, 0, 0.125, 0.1625], "texture": "#missing"},
				"south": {"uv": [1, 2, 1.5, 2.5], "texture": "#1"},
				"west": {"uv": [1, 2, 1.5, 2.5], "texture": "#1"},
				"up": {"uv": [0, 0, 0.1625, 0.125], "texture": "#missing"},
				"down": {"uv": [1, 2, 1.5, 2.5], "texture": "#1"}
			}
		},
		{
			"from": [4.95, 9.925, 8.175],
			"to": [5.275, 10.25, 8.425],
			"faces": {
				"north": {"uv": [1, 1.5, 1.5, 2], "texture": "#1"},
				"east": {"uv": [0, 0, 0.125, 0.1625], "texture": "#missing"},
				"south": {"uv": [1, 1.5, 1.5, 2], "texture": "#1"},
				"west": {"uv": [1, 1.5, 1.5, 2], "texture": "#1"},
				"up": {"uv": [0, 0, 0.1625, 0.125], "texture": "#missing"},
				"down": {"uv": [0, 0, 0.1625, 0.125], "texture": "#missing"}
			}
		},
		{
			"from": [4.95, 10.25, 8.175],
			"to": [5.275, 10.575, 8.425],
			"faces": {
				"north": {"uv": [1, 1, 1.5, 1.5], "texture": "#1"},
				"east": {"uv": [0, 0, 0.125, 0.1625], "texture": "#missing"},
				"south": {"uv": [1, 1, 1.5, 1.5], "texture": "#1"},
				"west": {"uv": [1, 1, 1.5, 1.5], "texture": "#1"},
				"up": {"uv": [1, 1, 1.5, 1.5], "texture": "#1"},
				"down": {"uv": [0, 0, 0.1625, 0.125], "texture": "#missing"}
			}
		},
		{
			"from": [5.275, 10.25, 8.175],
			"to": [5.6, 10.575, 8.425],
			"faces": {
				"north": {"uv": [1.5, 1, 2, 1.5], "texture": "#1"},
				"east": {"uv": [0, 0, 0.125, 0.1625], "texture": "#missing"},
				"south": {"uv": [1.5, 1, 2, 1.5], "texture": "#1"},
				"west": {"uv": [0, 0, 0.125, 0.1625], "texture": "#missing"},
				"up": {"uv": [1.5, 1, 2, 1.5], "texture": "#1"},
				"down": {"uv": [0, 0, 0.1625, 0.125], "texture": "#missing"}
			}
		},
		{
			"from": [5.6, 10.25, 8.175],
			"to": [5.925, 10.575, 8.425],
			"faces": {
				"north": {"uv": [2, 1, 2.5, 1.5], "texture": "#1"},
				"east": {"uv": [2, 1, 2.5, 1.5], "texture": "#1"},
				"south": {"uv": [2, 1, 2.5, 1.5], "texture": "#1"},
				"west": {"uv": [0, 0, 0.125, 0.1625], "texture": "#missing"},
				"up": {"uv": [2, 1, 2.5, 1.5], "texture": "#1"},
				"down": {"uv": [0, 0, 0.1625, 0.125], "texture": "#missing"}
			}
		},
		{
			"from": [5.275, 9.275, 8.175],
			"to": [5.6, 9.6, 8.425],
			"faces": {
				"north": {"uv": [1.5, 2.5, 2, 3], "texture": "#1"},
				"east": {"uv": [1.5, 2.5, 2, 3], "texture": "#1"},
				"south": {"uv": [1.5, 2.5, 2, 3], "texture": "#1"},
				"west": {"uv": [1.5, 2.5, 2, 3], "texture": "#1"},
				"up": {"uv": [0, 0, 0.1625, 0.125], "texture": "#missing"},
				"down": {"uv": [1.5, 2.5, 2, 3], "texture": "#1"}
			}
		},
		{
			"from": [5.6, 9.925, 8.175],
			"to": [5.925, 10.25, 8.425],
			"faces": {
				"north": {"uv": [2, 1.5, 2.5, 2], "texture": "#1"},
				"east": {"uv": [0, 0, 0.125, 0.1625], "texture": "#missing"},
				"south": {"uv": [2, 1.5, 2.5, 2], "texture": "#1"},
				"west": {"uv": [0, 0, 0.125, 0.1625], "texture": "#missing"},
				"up": {"uv": [0, 0, 0.1625, 0.125], "texture": "#missing"},
				"down": {"uv": [0, 0, 0.1625, 0.125], "texture": "#missing"}
			}
		},
		{
			"from": [5.925, 9.925, 8.175],
			"to": [6.25, 10.25, 8.425],
			"faces": {
				"north": {"uv": [2.5, 1.5, 3, 2], "texture": "#1"},
				"east": {"uv": [2.5, 1.5, 3, 2], "texture": "#1"},
				"south": {"uv": [2.5, 1.5, 3, 2], "texture": "#1"},
				"west": {"uv": [0, 0, 0.125, 0.1625], "texture": "#missing"},
				"up": {"uv": [2.5, 1.5, 3, 2], "texture": "#1"},
				"down": {"uv": [2.5, 1.5, 3, 2], "texture": "#1"}
			}
		},
		{
			"from": [8.2, 6.025, 8.175],
			"to": [8.525, 6.35, 8.425],
			"faces": {
				"north": {"uv": [6, 7.5, 6.5, 8], "texture": "#1"},
				"east": {"uv": [6, 7.5, 6.5, 8], "texture": "#1"},
				"south": {"uv": [6, 7.5, 6.5, 8], "texture": "#1"},
				"west": {"uv": [6, 7.5, 6.5, 8], "texture": "#1"},
				"up": {"uv": [0, 0, 0.1625, 0.125], "texture": "#missing"},
				"down": {"uv": [6, 7.5, 6.5, 8], "texture": "#1"}
			}
		},
		{
			"from": [8.85, 6.025, 8.175],
			"to": [9.175, 6.35, 8.425],
			"faces": {
				"north": {"uv": [7, 7.5, 7.5, 8], "texture": "#1"},
				"east": {"uv": [7, 7.5, 7.5, 8], "texture": "#1"},
				"south": {"uv": [7, 7.5, 7.5, 8], "texture": "#1"},
				"west": {"uv": [7, 7.5, 7.5, 8], "texture": "#1"},
				"up": {"uv": [0, 0, 0.1625, 0.125], "texture": "#missing"},
				"down": {"uv": [7, 7.5, 7.5, 8], "texture": "#1"}
			}
		},
		{
			"from": [8.85, 6.35, 8.175],
			"to": [9.175, 6.675, 8.425],
			"faces": {
				"north": {"uv": [7, 7, 7.5, 7.5], "texture": "#1"},
				"east": {"uv": [0, 0, 0.125, 0.1625], "texture": "#missing"},
				"south": {"uv": [7, 7, 7.5, 7.5], "texture": "#1"},
				"west": {"uv": [0, 0, 0.125, 0.1625], "texture": "#missing"},
				"up": {"uv": [0, 0, 0.1625, 0.125], "texture": "#missing"},
				"down": {"uv": [0, 0, 0.1625, 0.125], "texture": "#missing"}
			}
		},
		{
			"from": [8.15, 3.4, 8.175],
			"to": [8.475, 3.725, 8.425],
			"faces": {
				"north": {"uv": [7.5, 7, 8, 7.5], "texture": "#1"},
				"east": {"uv": [7.5, 7, 8, 7.5], "texture": "#1"},
				"south": {"uv": [7.5, 7, 8, 7.5], "texture": "#1"},
				"west": {"uv": [0, 0, 0.125, 0.1625], "texture": "#missing"},
				"up": {"uv": [7.5, 7, 8, 7.5], "texture": "#1"},
				"down": {"uv": [7.5, 7, 8, 7.5], "texture": "#1"}
			}
		},
		{
			"from": [7.825, 3.725, 8.175],
			"to": [8.15, 4.05, 8.425],
			"faces": {
				"north": {"uv": [7, 6.5, 7.5, 7], "texture": "#1"},
				"east": {"uv": [7, 6.5, 7.5, 7], "texture": "#1"},
				"south": {"uv": [7, 6.5, 7.5, 7], "texture": "#1"},
				"west": {"uv": [0, 0, 0.125, 0.1625], "texture": "#missing"},
				"up": {"uv": [0, 0, 0.1625, 0.125], "texture": "#missing"},
				"down": {"uv": [0, 0, 0.1625, 0.125], "texture": "#missing"}
			}
		},
		{
			"from": [7.825, 4.05, 8.175],
			"to": [8.15, 4.375, 8.425],
			"faces": {
				"north": {"uv": [7, 6, 7.5, 6.5], "texture": "#1"},
				"east": {"uv": [0, 0, 0.125, 0.1625], "texture": "#missing"},
				"south": {"uv": [7, 6, 7.5, 6.5], "texture": "#1"},
				"west": {"uv": [0, 0, 0.125, 0.1625], "texture": "#missing"},
				"up": {"uv": [7, 6, 7.5, 6.5], "texture": "#1"},
				"down": {"uv": [0, 0, 0.1625, 0.125], "texture": "#missing"}
			}
		},
		{
			"from": [8.15, 4.05, 8.175],
			"to": [8.475, 4.375, 8.425],
			"faces": {
				"north": {"uv": [7.5, 6, 8, 6.5], "texture": "#1"},
				"east": {"uv": [7.5, 6, 8, 6.5], "texture": "#1"},
				"south": {"uv": [7.5, 6, 8, 6.5], "texture": "#1"},
				"west": {"uv": [0, 0, 0.125, 0.1625], "texture": "#missing"},
				"up": {"uv": [7.5, 6, 8, 6.5], "texture": "#1"},
				"down": {"uv": [7.5, 6, 8, 6.5], "texture": "#1"}
			}
		},
		{
			"from": [7.5, 4.05, 8.175],
			"to": [7.825, 4.375, 8.425],
			"faces": {
				"north": {"uv": [6.5, 6, 7, 6.5], "texture": "#1"},
				"east": {"uv": [0, 0, 0.125, 0.1625], "texture": "#missing"},
				"south": {"uv": [6.5, 6, 7, 6.5], "texture": "#1"},
				"west": {"uv": [0, 0, 0.125, 0.1625], "texture": "#missing"},
				"up": {"uv": [6.5, 6, 7, 6.5], "texture": "#1"},
				"down": {"uv": [0, 0, 0.1625, 0.125], "texture": "#missing"}
			}
		},
		{
			"from": [7.5, 3.725, 8.175],
			"to": [7.825, 4.05, 8.425],
			"faces": {
				"north": {"uv": [6.5, 6.5, 7, 7], "texture": "#1"},
				"east": {"uv": [0, 0, 0.125, 0.1625], "texture": "#missing"},
				"south": {"uv": [6.5, 6.5, 7, 7], "texture": "#1"},
				"west": {"uv": [0, 0, 0.125, 0.1625], "texture": "#missing"},
				"up": {"uv": [0, 0, 0.1625, 0.125], "texture": "#missing"},
				"down": {"uv": [0, 0, 0.1625, 0.125], "texture": "#missing"}
			}
		},
		{
			"from": [7.5, 3.4, 8.175],
			"to": [7.825, 3.725, 8.425],
			"faces": {
				"north": {"uv": [6.5, 7, 7, 7.5], "texture": "#1"},
				"east": {"uv": [0, 0, 0.125, 0.1625], "texture": "#missing"},
				"south": {"uv": [6.5, 7, 7, 7.5], "texture": "#1"},
				"west": {"uv": [0, 0, 0.125, 0.1625], "texture": "#missing"},
				"up": {"uv": [0, 0, 0.1625, 0.125], "texture": "#missing"},
				"down": {"uv": [6.5, 7, 7, 7.5], "texture": "#1"}
			}
		},
		{
			"from": [7.175, 3.4, 8.175],
			"to": [7.5, 3.725, 8.425],
			"faces": {
				"north": {"uv": [6, 7, 6.5, 7.5], "texture": "#1"},
				"east": {"uv": [0, 0, 0.125, 0.1625], "texture": "#missing"},
				"south": {"uv": [6, 7, 6.5, 7.5], "texture": "#1"},
				"west": {"uv": [6, 7, 6.5, 7.5], "texture": "#1"},
				"up": {"uv": [0, 0, 0.1625, 0.125], "texture": "#missing"},
				"down": {"uv": [0, 0, 0.1625, 0.125], "texture": "#missing"}
			}
		},
		{
			"from": [7.175, 3.725, 8.175],
			"to": [7.5, 4.05, 8.425],
			"faces": {
				"north": {"uv": [6, 6.5, 6.5, 7], "texture": "#1"},
				"east": {"uv": [0, 0, 0.125, 0.1625], "texture": "#missing"},
				"south": {"uv": [6, 6.5, 6.5, 7], "texture": "#1"},
				"west": {"uv": [6, 6.5, 6.5, 7], "texture": "#1"},
				"up": {"uv": [0, 0, 0.1625, 0.125], "texture": "#missing"},
				"down": {"uv": [0, 0, 0.1625, 0.125], "texture": "#missing"}
			}
		},
		{
			"from": [7.0128, 4.2125, 8.1751],
			"to": [7.3378, 4.5375, 8.4249],
			"faces": {
				"north": {"uv": [6, 5.75, 6.25, 6], "texture": "#1"},
				"east": {"uv": [6, 5.75, 6.25, 6], "texture": "#1"},
				"south": {"uv": [6, 5.75, 6.25, 6], "texture": "#1"},
				"west": {"uv": [6, 5.75, 6.25, 6], "texture": "#1"},
				"up": {"uv": [6, 5.75, 6.25, 6], "texture": "#1"},
				"down": {"uv": [6, 5.75, 6.25, 6], "texture": "#1"}
			}
		},
		{
			"from": [6.3628, 4.8625, 8.1751],
			"to": [6.6878, 5.1875, 8.4249],
			"faces": {
				"north": {"uv": [5, 4.75, 5.25, 5], "texture": "#1"},
				"east": {"uv": [5, 4.75, 5.25, 5], "texture": "#1"},
				"south": {"uv": [5, 4.75, 5.25, 5], "texture": "#1"},
				"west": {"uv": [5, 4.75, 5.25, 5], "texture": "#1"},
				"up": {"uv": [5, 4.75, 5.25, 5], "texture": "#1"},
				"down": {"uv": [5, 4.75, 5.25, 5], "texture": "#1"}
			}
		},
		{
			"from": [5.7128, 5.5125, 8.1751],
			"to": [6.0378, 5.8375, 8.4249],
			"faces": {
				"north": {"uv": [4, 3.75, 4.25, 4], "texture": "#1"},
				"east": {"uv": [4, 3.75, 4.25, 4], "texture": "#1"},
				"south": {"uv": [4, 3.75, 4.25, 4], "texture": "#1"},
				"west": {"uv": [4, 3.75, 4.25, 4], "texture": "#1"},
				"up": {"uv": [4, 3.75, 4.25, 4], "texture": "#1"},
				"down": {"uv": [4, 3.75, 4.25, 4], "texture": "#1"}
			}
		},
		{
			"from": [5.0628, 6.1625, 8.1751],
			"to": [5.3878, 6.4875, 8.4249],
			"faces": {
				"north": {"uv": [3, 2.75, 3.25, 3], "texture": "#1"},
				"east": {"uv": [3, 2.75, 3.25, 3], "texture": "#1"},
				"south": {"uv": [3, 2.75, 3.25, 3], "texture": "#1"},
				"west": {"uv": [3, 2.75, 3.25, 3], "texture": "#1"},
				"up": {"uv": [3, 2.75, 3.25, 3], "texture": "#1"},
				"down": {"uv": [3, 2.75, 3.25, 3], "texture": "#1"}
			}
		},
		{
			"from": [6.6878, 4.5375, 8.1751],
			"to": [7.0128, 4.8625, 8.4249],
			"faces": {
				"north": {"uv": [5.5, 5.25, 5.75, 5.5], "texture": "#1"},
				"east": {"uv": [5.5, 5.25, 5.75, 5.5], "texture": "#1"},
				"south": {"uv": [5.5, 5.25, 5.75, 5.5], "texture": "#1"},
				"west": {"uv": [5.5, 5.25, 5.75, 5.5], "texture": "#1"},
				"up": {"uv": [5.5, 5.25, 5.75, 5.5], "texture": "#1"},
				"down": {"uv": [5.5, 5.25, 5.75, 5.5], "texture": "#1"}
			}
		},
		{
			"from": [6.0378, 5.1875, 8.1751],
			"to": [6.3628, 5.5125, 8.4249],
			"faces": {
				"north": {"uv": [4.5, 4.25, 4.75, 4.5], "texture": "#1"},
				"east": {"uv": [4.5, 4.25, 4.75, 4.5], "texture": "#1"},
				"south": {"uv": [4.5, 4.25, 4.75, 4.5], "texture": "#1"},
				"west": {"uv": [4.5, 4.25, 4.75, 4.5], "texture": "#1"},
				"up": {"uv": [4.5, 4.25, 4.75, 4.5], "texture": "#1"},
				"down": {"uv": [4.5, 4.25, 4.75, 4.5], "texture": "#1"}
			}
		},
		{
			"from": [5.3878, 5.8375, 8.1751],
			"to": [5.7128, 6.1625, 8.4249],
			"faces": {
				"north": {"uv": [3.5, 3.25, 3.75, 3.5], "texture": "#1"},
				"east": {"uv": [3.5, 3.25, 3.75, 3.5], "texture": "#1"},
				"south": {"uv": [3.5, 3.25, 3.75, 3.5], "texture": "#1"},
				"west": {"uv": [3.5, 3.25, 3.75, 3.5], "texture": "#1"},
				"up": {"uv": [3.5, 3.25, 3.75, 3.5], "texture": "#1"},
				"down": {"uv": [3.5, 3.25, 3.75, 3.5], "texture": "#1"}
			}
		},
		{
			"from": [4.7378, 6.4875, 8.1751],
			"to": [5.0628, 6.8125, 8.4249],
			"faces": {
				"north": {"uv": [2.5, 2.25, 2.75, 2.5], "texture": "#1"},
				"east": {"uv": [2.5, 2.25, 2.75, 2.5], "texture": "#1"},
				"south": {"uv": [2.5, 2.25, 2.75, 2.5], "texture": "#1"},
				"west": {"uv": [2.5, 2.25, 2.75, 2.5], "texture": "#1"},
				"up": {"uv": [2.5, 2.25, 2.75, 2.5], "texture": "#1"},
				"down": {"uv": [2.5, 2.25, 2.75, 2.5], "texture": "#1"}
			}
		},
		{
			"from": [7.175, 4.05, 8.175],
			"to": [7.5, 4.375, 8.425],
			"faces": {
				"north": {"uv": [6, 6, 6.5, 6.5], "texture": "#1"},
				"east": {"uv": [0, 0, 0.125, 0.1625], "texture": "#missing"},
				"south": {"uv": [6, 6, 6.5, 6.5], "texture": "#1"},
				"west": {"uv": [6, 6, 6.5, 6.5], "texture": "#1"},
				"up": {"uv": [6, 6, 6.5, 6.5], "texture": "#1"},
				"down": {"uv": [0, 0, 0.1625, 0.125], "texture": "#missing"}
			}
		},
		{
			"from": [6.85, 4.375, 8.175],
			"to": [7.175, 4.7, 8.425],
			"faces": {
				"north": {"uv": [5.5, 5.5, 6, 6], "texture": "#1"},
				"east": {"uv": [5.5, 5.5, 6, 6], "texture": "#1"},
				"south": {"uv": [5.5, 5.5, 6, 6], "texture": "#1"},
				"west": {"uv": [5.5, 5.5, 6, 6], "texture": "#1"},
				"up": {"uv": [5.5, 5.5, 6, 6], "texture": "#1"},
				"down": {"uv": [5.5, 5.5, 6, 6], "texture": "#1"}
			}
		},
		{
			"from": [6.2, 5.025, 8.175],
			"to": [6.525, 5.35, 8.425],
			"faces": {
				"north": {"uv": [4.5, 4.5, 5, 5], "texture": "#1"},
				"east": {"uv": [4.5, 4.5, 5, 5], "texture": "#1"},
				"south": {"uv": [4.5, 4.5, 5, 5], "texture": "#1"},
				"west": {"uv": [4.5, 4.5, 5, 5], "texture": "#1"},
				"up": {"uv": [4.5, 4.5, 5, 5], "texture": "#1"},
				"down": {"uv": [4.5, 4.5, 5, 5], "texture": "#1"}
			}
		},
		{
			"from": [5.55, 5.675, 8.175],
			"to": [5.875, 6, 8.425],
			"faces": {
				"north": {"uv": [3.5, 3.5, 4, 4], "texture": "#1"},
				"east": {"uv": [3.5, 3.5, 4, 4], "texture": "#1"},
				"south": {"uv": [3.5, 3.5, 4, 4], "texture": "#1"},
				"west": {"uv": [3.5, 3.5, 4, 4], "texture": "#1"},
				"up": {"uv": [3.5, 3.5, 4, 4], "texture": "#1"},
				"down": {"uv": [3.5, 3.5, 4, 4], "texture": "#1"}
			}
		},
		{
			"from": [4.9, 6.325, 8.175],
			"to": [5.225, 6.65, 8.425],
			"faces": {
				"north": {"uv": [2.5, 2.5, 3, 3], "texture": "#1"},
				"east": {"uv": [2.5, 2.5, 3, 3], "texture": "#1"},
				"south": {"uv": [2.5, 2.5, 3, 3], "texture": "#1"},
				"west": {"uv": [2.5, 2.5, 3, 3], "texture": "#1"},
				"up": {"uv": [2.5, 2.5, 3, 3], "texture": "#1"},
				"down": {"uv": [2.5, 2.5, 3, 3], "texture": "#1"}
			}
		},
		{
			"from": [6.525, 4.7, 8.175],
			"to": [6.85, 5.025, 8.425],
			"faces": {
				"north": {"uv": [5, 5, 5.5, 5.5], "texture": "#1"},
				"east": {"uv": [5, 5, 5.5, 5.5], "texture": "#1"},
				"south": {"uv": [5, 5, 5.5, 5.5], "texture": "#1"},
				"west": {"uv": [5, 5, 5.5, 5.5], "texture": "#1"},
				"up": {"uv": [5, 5, 5.5, 5.5], "texture": "#1"},
				"down": {"uv": [5, 5, 5.5, 5.5], "texture": "#1"}
			}
		},
		{
			"from": [5.875, 5.35, 8.175],
			"to": [6.2, 5.675, 8.425],
			"faces": {
				"north": {"uv": [4, 4, 4.5, 4.5], "texture": "#1"},
				"east": {"uv": [4, 4, 4.5, 4.5], "texture": "#1"},
				"south": {"uv": [4, 4, 4.5, 4.5], "texture": "#1"},
				"west": {"uv": [4, 4, 4.5, 4.5], "texture": "#1"},
				"up": {"uv": [4, 4, 4.5, 4.5], "texture": "#1"},
				"down": {"uv": [4, 4, 4.5, 4.5], "texture": "#1"}
			}
		},
		{
			"from": [5.225, 6, 8.175],
			"to": [5.55, 6.325, 8.425],
			"faces": {
				"north": {"uv": [3, 3, 3.5, 3.5], "texture": "#1"},
				"east": {"uv": [3, 3, 3.5, 3.5], "texture": "#1"},
				"south": {"uv": [3, 3, 3.5, 3.5], "texture": "#1"},
				"west": {"uv": [3, 3, 3.5, 3.5], "texture": "#1"},
				"up": {"uv": [3, 3, 3.5, 3.5], "texture": "#1"},
				"down": {"uv": [3, 3, 3.5, 3.5], "texture": "#1"}
			}
		},
		{
			"from": [4.575, 6.65, 8.175],
			"to": [4.9, 6.975, 8.425],
			"faces": {
				"north": {"uv": [2, 2, 2.5, 2.5], "texture": "#1"},
				"east": {"uv": [2, 2, 2.5, 2.5], "texture": "#1"},
				"south": {"uv": [2, 2, 2.5, 2.5], "texture": "#1"},
				"west": {"uv": [0, 0, 0.125, 0.1625], "texture": "#missing"},
				"up": {"uv": [0, 0, 0.1625, 0.125], "texture": "#missing"},
				"down": {"uv": [2, 2, 2.5, 2.5], "texture": "#1"}
			}
		},
		{
			"from": [4.25, 6.975, 8.175],
			"to": [4.575, 7.3, 8.425],
			"faces": {
				"north": {"uv": [1.5, 1.5, 2, 2], "texture": "#1"},
				"east": {"uv": [0, 0, 0.125, 0.1625], "texture": "#missing"},
				"south": {"uv": [1.5, 1.5, 2, 2], "texture": "#1"},
				"west": {"uv": [0, 0, 0.125, 0.1625], "texture": "#missing"},
				"up": {"uv": [0, 0, 0.1625, 0.125], "texture": "#missing"},
				"down": {"uv": [0, 0, 0.1625, 0.125], "texture": "#missing"}
			}
		},
		{
			"from": [4.25, 6.65, 8.175],
			"to": [4.575, 6.975, 8.425],
			"faces": {
				"north": {"uv": [1.5, 2, 2, 2.5], "texture": "#1"},
				"east": {"uv": [0, 0, 0.125, 0.1625], "texture": "#missing"},
				"south": {"uv": [1.5, 2, 2, 2.5], "texture": "#1"},
				"west": {"uv": [0, 0, 0.125, 0.1625], "texture": "#missing"},
				"up": {"uv": [0, 0, 0.1625, 0.125], "texture": "#missing"},
				"down": {"uv": [0, 0, 0.1625, 0.125], "texture": "#missing"}
			}
		},
		{
			"from": [3.925, 6.65, 8.175],
			"to": [4.25, 6.975, 8.425],
			"faces": {
				"north": {"uv": [1, 2, 1.5, 2.5], "texture": "#1"},
				"east": {"uv": [0, 0, 0.125, 0.1625], "texture": "#missing"},
				"south": {"uv": [1, 2, 1.5, 2.5], "texture": "#1"},
				"west": {"uv": [1, 2, 1.5, 2.5], "texture": "#1"},
				"up": {"uv": [0, 0, 0.1625, 0.125], "texture": "#missing"},
				"down": {"uv": [1, 2, 1.5, 2.5], "texture": "#1"}
			}
		},
		{
			"from": [3.925, 6.975, 8.175],
			"to": [4.25, 7.3, 8.425],
			"faces": {
				"north": {"uv": [1, 1.5, 1.5, 2], "texture": "#1"},
				"east": {"uv": [0, 0, 0.125, 0.1625], "texture": "#missing"},
				"south": {"uv": [1, 1.5, 1.5, 2], "texture": "#1"},
				"west": {"uv": [1, 1.5, 1.5, 2], "texture": "#1"},
				"up": {"uv": [0, 0, 0.1625, 0.125], "texture": "#missing"},
				"down": {"uv": [0, 0, 0.1625, 0.125], "texture": "#missing"}
			}
		},
		{
			"from": [3.925, 7.3, 8.175],
			"to": [4.25, 7.625, 8.425],
			"faces": {
				"north": {"uv": [1, 1, 1.5, 1.5], "texture": "#1"},
				"east": {"uv": [0, 0, 0.125, 0.1625], "texture": "#missing"},
				"south": {"uv": [1, 1, 1.5, 1.5], "texture": "#1"},
				"west": {"uv": [1, 1, 1.5, 1.5], "texture": "#1"},
				"up": {"uv": [1, 1, 1.5, 1.5], "texture": "#1"},
				"down": {"uv": [0, 0, 0.1625, 0.125], "texture": "#missing"}
			}
		},
		{
			"from": [4.25, 7.3, 8.175],
			"to": [4.575, 7.625, 8.425],
			"faces": {
				"north": {"uv": [1.5, 1, 2, 1.5], "texture": "#1"},
				"east": {"uv": [0, 0, 0.125, 0.1625], "texture": "#missing"},
				"south": {"uv": [1.5, 1, 2, 1.5], "texture": "#1"},
				"west": {"uv": [0, 0, 0.125, 0.1625], "texture": "#missing"},
				"up": {"uv": [1.5, 1, 2, 1.5], "texture": "#1"},
				"down": {"uv": [0, 0, 0.1625, 0.125], "texture": "#missing"}
			}
		},
		{
			"from": [4.575, 7.3, 8.175],
			"to": [4.9, 7.625, 8.425],
			"faces": {
				"north": {"uv": [2, 1, 2.5, 1.5], "texture": "#1"},
				"east": {"uv": [2, 1, 2.5, 1.5], "texture": "#1"},
				"south": {"uv": [2, 1, 2.5, 1.5], "texture": "#1"},
				"west": {"uv": [0, 0, 0.125, 0.1625], "texture": "#missing"},
				"up": {"uv": [2, 1, 2.5, 1.5], "texture": "#1"},
				"down": {"uv": [0, 0, 0.1625, 0.125], "texture": "#missing"}
			}
		},
		{
			"from": [4.25, 6.325, 8.175],
			"to": [4.575, 6.65, 8.425],
			"faces": {
				"north": {"uv": [1.5, 2.5, 2, 3], "texture": "#1"},
				"east": {"uv": [1.5, 2.5, 2, 3], "texture": "#1"},
				"south": {"uv": [1.5, 2.5, 2, 3], "texture": "#1"},
				"west": {"uv": [1.5, 2.5, 2, 3], "texture": "#1"},
				"up": {"uv": [0, 0, 0.1625, 0.125], "texture": "#missing"},
				"down": {"uv": [1.5, 2.5, 2, 3], "texture": "#1"}
			}
		},
		{
			"from": [4.575, 6.975, 8.175],
			"to": [4.9, 7.3, 8.425],
			"faces": {
				"north": {"uv": [2, 1.5, 2.5, 2], "texture": "#1"},
				"east": {"uv": [0, 0, 0.125, 0.1625], "texture": "#missing"},
				"south": {"uv": [2, 1.5, 2.5, 2], "texture": "#1"},
				"west": {"uv": [0, 0, 0.125, 0.1625], "texture": "#missing"},
				"up": {"uv": [0, 0, 0.1625, 0.125], "texture": "#missing"},
				"down": {"uv": [0, 0, 0.1625, 0.125], "texture": "#missing"}
			}
		},
		{
			"from": [4.9, 6.975, 8.175],
			"to": [5.225, 7.3, 8.425],
			"faces": {
				"north": {"uv": [2.5, 1.5, 3, 2], "texture": "#1"},
				"east": {"uv": [2.5, 1.5, 3, 2], "texture": "#1"},
				"south": {"uv": [2.5, 1.5, 3, 2], "texture": "#1"},
				"west": {"uv": [0, 0, 0.125, 0.1625], "texture": "#missing"},
				"up": {"uv": [2.5, 1.5, 3, 2], "texture": "#1"},
				"down": {"uv": [2.5, 1.5, 3, 2], "texture": "#1"}
			}
		},
		{
			"from": [7.175, 3.075, 8.175],
			"to": [7.5, 3.4, 8.425],
			"faces": {
				"north": {"uv": [6, 7.5, 6.5, 8], "texture": "#1"},
				"east": {"uv": [6, 7.5, 6.5, 8], "texture": "#1"},
				"south": {"uv": [6, 7.5, 6.5, 8], "texture": "#1"},
				"west": {"uv": [6, 7.5, 6.5, 8], "texture": "#1"},
				"up": {"uv": [0, 0, 0.1625, 0.125], "texture": "#missing"},
				"down": {"uv": [6, 7.5, 6.5, 8], "texture": "#1"}
			}
		},
		{
			"from": [7.825, 3.075, 8.175],
			"to": [8.15, 3.4, 8.425],
			"faces": {
				"north": {"uv": [7, 7.5, 7.5, 8], "texture": "#1"},
				"east": {"uv": [7, 7.5, 7.5, 8], "texture": "#1"},
				"south": {"uv": [7, 7.5, 7.5, 8], "texture": "#1"},
				"west": {"uv": [7, 7.5, 7.5, 8], "texture": "#1"},
				"up": {"uv": [0, 0, 0.1625, 0.125], "texture": "#missing"},
				"down": {"uv": [7, 7.5, 7.5, 8], "texture": "#1"}
			}
		},
		{
			"from": [7.825, 3.4, 8.175],
			"to": [8.15, 3.725, 8.425],
			"faces": {
				"north": {"uv": [7, 7, 7.5, 7.5], "texture": "#1"},
				"east": {"uv": [0, 0, 0.125, 0.1625], "texture": "#missing"},
				"south": {"uv": [7, 7, 7.5, 7.5], "texture": "#1"},
				"west": {"uv": [0, 0, 0.125, 0.1625], "texture": "#missing"},
				"up": {"uv": [0, 0, 0.1625, 0.125], "texture": "#missing"},
				"down": {"uv": [0, 0, 0.1625, 0.125], "texture": "#missing"}
			}
		}
	],
	"gui_light": "front",
	"display": {
		"thirdperson_righthand": {
			"rotation": [-80, -100, -40],
			"translation": [0, -2, 1.75],
			"scale": [1.5, 1.5, 1.5]
		},
		"thirdperson_lefthand": {
			"rotation": [-80, -100, 50],
			"translation": [0, -2, 1.75],
			"scale": [1.5, 1.5, 1.5]
		},
		"firstperson_righthand": {
			"rotation": [0, -90, 25],
			"translation": [1.5, 3, 0.5],
			"scale": [1.2, 1.2, 1.2]
		},
		"firstperson_lefthand": {
			"rotation": [-140, -90, -25],
			"translation": [1.5, 3, 0.5],
			"scale": [1.2, 1.2, 1.2]
		},
		"ground": {
			"translation": [0, 1.5, 0],
			"scale": [0.75, 0.75, 0.75]
		},
		"gui": {
			"scale": [1.35, 1.35, 1.35]
		},
		"head": {
			"translation": [1.75, -17, 4.5],
			"scale": [2.25, 2.25, 2.25]
		},
		"fixed": {
			"rotation": [-180, 0, -180],
			"translation": [0, 0, -0.5],
			"scale": [1.7, 1.7, 1.7]
		}
	},
	"groups": [
		{
			"name": "bow_pulling_1",
			"origin": [0, 0, 0],
			"color": 0,
			"children": [0, 1, 2, 3, 4, 5, 6, 7, 8, 9, 10, 11, 12, 13, 14, 15, 16, 17, 18, 19, 20, 21, 22, 23, 24, 25, 26, 27, 28, 29, 30, 31, 32, 33, 34, 35, 36, 37, 38, 39, 40, 41, 42, 43, 44, 45, 46, 47, 48, 49, 50, 51, 52, 53, 54, 55, 56, 57, 58, 59, 60]
		},
		{
			"name": "arrows_pulling_1",
			"origin": [8, 8, 8],
			"color": 0,
			"children": [
				{
					"name": "arrow",
					"origin": [0, 0, 0],
					"color": 0,
					"children": [61, 62, 63, 64, 65, 66, 67, 68, 69, 70, 71, 72, 73, 74, 75, 76, 77, 78, 79, 80, 81, 82, 83, 84, 85, 86, 87, 88, 89, 90, 91, 92, 93, 94, 95, 96, 97, 98, 99]
				},
				{
					"name": "arrow",
					"origin": [0, 0, 0],
					"color": 0,
					"children": [100, 101, 102, 103, 104, 105, 106, 107, 108, 109, 110, 111, 112, 113, 114, 115, 116, 117, 118, 119, 120, 121, 122, 123, 124, 125, 126, 127, 128, 129, 130, 131, 132, 133, 134, 135, 136, 137, 138]
				},
				{
					"name": "arrow",
					"origin": [0, 0, 0],
					"color": 0,
					"children": [139, 140, 141, 142, 143, 144, 145, 146, 147, 148, 149, 150, 151, 152, 153, 154, 155, 156, 157, 158, 159, 160, 161, 162, 163, 164, 165, 166, 167, 168, 169, 170, 171, 172, 173, 174, 175, 176, 177]
				}
			]
		}
	]
}