{
	"credit": "Model by Daniel Rose",
	"texture_size": [32, 32],
	"textures": {
		"0": "models/battle_sign",
		"particle": "models/battle_sign"
	},
	"elements": [
		{
			"name": "post",
			"from": [7.5, 0, 7.5],
			"to": [8.5, 7, 8.5],
			"rotation": {"angle": 0, "axis": "y", "origin": [8, 3.5, 8]},
			"faces": {
				"north": {"uv": [0.5, 4, 1, 7.5], "texture": "#0"},
				"east": {"uv": [0, 4, 0.5, 7.5], "texture": "#0"},
				"south": {"uv": [1.5, 4, 2, 7.5], "texture": "#0"},
				"west": {"uv": [1, 4, 1.5, 7.5], "texture": "#0"},
				"down": {"uv": [1.5, 3.5, 1, 4], "texture": "#0"}
			}
		},
		{
			"name": "sign",
			"from": [2, 7, 7.5],
			"to": [14, 13, 8.5],
			"rotation": {"angle": 0, "axis": "y", "origin": [8, 8, 8]},
			"faces": {
				"north": {"uv": [0.5, 0.5, 6.5, 3.5], "texture": "#0"},
				"east": {"uv": [0, 0.5, 0.5, 3.5], "texture": "#0"},
				"south": {"uv": [7, 0.5, 13, 3.5], "texture": "#0"},
				"west": {"uv": [6.5, 0.5, 7, 3.5], "texture": "#0"},
				"up": {"uv": [0.5, 0, 6.5, 0.5], "texture": "#0"},
				"down": {"uv": [12.5, 0, 6.5, 0.5], "texture": "#0"}
			}
		}
	],
	"gui_light": "front",
	"display": {
		"thirdperson_righthand": {
			"rotation": [0, 90, 0],
			"translation": [0, 3, 1]
		},
		"thirdperson_lefthand": {
			"rotation": [0, 90, 0],
			"translation": [0, 3, 1]
		},
		"firstperson_righthand": {
			"rotation": [0, 90, 11],
			"translation": [2.5, 2.5, 0.75]
		},
		"firstperson_lefthand": {
			"rotation": [0, 90, 11],
			"translation": [2.5, 2.5, 0.75]
		},
		"ground": {
			"translation": [0, 3, 0],
			"scale": [0.65, 0.65, 0.65]
		},
		"gui": {
			"rotation": [0, -180, 45],
			"translation": [-0.25, -0.25, -0.5]
		},
		"head": {
			"translation": [0, 7.75, -3.75]
		},
		"fixed": {
			"rotation": [0, 0, 45],
			"translation": [0, -0.25, -0.5],
			"scale": [1.1, 1.1, 1.1]
		}
	}
}