{
	"credit": "Model by Daniel Rose",
	"texture_size": [64, 64],
	"textures": {
		"0": "models/3d_book",
		"particle": "models/3d_book"
	},
	"elements": [
		{
			"name": "pages",
			"from": [7.5, 5.75, 6.40612],
			"to": [8.5, 10.25, 8.90612],
			"rotation": {"angle": 0, "axis": "y", "origin": [8, 8, 8]},
			"faces": {
				"north": {"uv": [12, 4.75, 14, 5], "rotation": 90, "texture": "#0"},
				"up": {"uv": [10.75, 4.75, 12, 5], "rotation": 270, "texture": "#0"},
				"down": {"uv": [2.75, 4.75, 4, 5], "rotation": 270, "texture": "#0"}
			}
		},
		{
			"name": "front_cover",
			"from": [8.5, 5.5, 6.15612],
			"to": [8.75, 10.5, 9.15612],
			"rotation": {"angle": 0, "axis": "y", "origin": [8, 8, 8]},
			"faces": {
				"north": {"uv": [13.5, 2.5, 16, 2.75], "rotation": 90, "texture": "#0"},
				"east": {"uv": [12, 2.5, 13.5, 0], "texture": "#0"},
				"west": {"uv": [10.5, 0, 12, 2.5], "texture": "#0"},
				"up": {"uv": [12, 2.5, 13.5, 2.75], "rotation": 90, "texture": "#0"},
				"down": {"uv": [10.5, 2.5, 12, 2.75], "rotation": 90, "texture": "#0"}
			}
		},
		{
			"name": "spine",
			"from": [7.25, 5.501, 8.90612],
			"to": [8.75, 10.499, 9.15712],
			"rotation": {"angle": 0, "axis": "y", "origin": [8, 8, 8]},
			"faces": {
				"north": {"uv": [7.5, 0, 8, 2.5], "texture": "#0"},
				"south": {"uv": [8, 0, 8.5, 2.5], "rotation": 180, "texture": "#0"},
				"up": {"uv": [8, 2.5, 8.5, 2.75], "texture": "#0"},
				"down": {"uv": [7.5, 2.5, 8, 2.75], "texture": "#0"}
			}
		},
		{
			"name": "back_cover",
			"from": [7.25, 5.5, 6.15612],
			"to": [7.5, 10.5, 9.15612],
			"rotation": {"angle": 0, "axis": "y", "origin": [8, 8, 8]},
			"faces": {
				"north": {"uv": [0, 2.5, 2.5, 2.75], "rotation": 90, "texture": "#0"},
				"east": {"uv": [2.5, 0, 4, 2.5], "texture": "#0"},
				"west": {"uv": [4, 0, 5.5, 2.5], "texture": "#0"},
				"up": {"uv": [4, 2.5, 5.5, 2.75], "rotation": 90, "texture": "#0"},
				"down": {"uv": [2.5, 2.5, 4, 2.75], "rotation": 90, "texture": "#0"}
			}
		}
	],
	"gui_light": "front",
	"display": {
		"thirdperson_righthand": {
			"rotation": [0, -180, 0],
			"translation": [0, 1.75, -1.5],
			"scale": [1.75, 1.75, 1.75]
		},
		"thirdperson_lefthand": {
			"rotation": [0, -180, 0],
			"translation": [0, 1.75, -1.5],
			"scale": [1.75, 1.75, 1.75]
		},
		"firstperson_righthand": {
			"rotation": [0, 180, 0],
			"translation": [1, 1.75, 0.25],
			"scale": [1.25, 1.25, 1.25]
		},
		"firstperson_lefthand": {
			"rotation": [0, 180, 0],
			"translation": [1, 1.75, 0.25],
			"scale": [1.25, 1.25, 1.25]
		},
		"ground": {
			"translation": [0, -1, 0],
			"scale": [1.5, 1.5, 1.5]
		},
		"gui": {
			"rotation": [5, -95, 0],
			"translation": [-1.25, 0.25, -1.75],
			"scale": [2.65, 2.65, 2.95]
		},
		"head": {
			"rotation": [-90, -90, 0],
			"translation": [-1.25, 8.25, 0],
			"scale": [2.5, 2.5, 2.5]
		},
		"fixed": {
			"rotation": [0, 90, 0],
			"translation": [0.75, 1, -1.75],
			"scale": [2.75, 2.75, 2.75]
		}
	},
	"groups": [
		{
			"name": "book",
			"origin": [8, 8, 8],
			"color": 0,
			"children": [0, 1, 2, 3]
		}
	]
}