{
	"credit": "Model by Daniel Rose",
	"texture_size": [64, 64],
	"textures": {
		"0": "models/3d_book",
		"1": "models/3d_book_particles",
		"particle": "models/3d_book"
	},
	"elements": [
		{
			"name": "spine",
			"from": [7, 3, 2.9995],
			"to": [9, 3.25, 13.0005],
			"faces": {
				"north": {"uv": [8, 2.5, 8.5, 2.75], "texture": "#0"},
				"east": {"uv": [8, 0, 8.5, 5], "texture": "#0", "cullface": "east"},
				"south": {"uv": [7.5, 2.5, 8, 2.75], "texture": "#0"},
				"west": {"uv": [8, 0, 8.5, 5], "texture": "#0", "cullface": "west"},
				"up": {"uv": [8, 2.5, 7.5, 0], "texture": "#0"},
				"down": {"uv": [8.5, 0, 8, 2.5], "texture": "#0"}
			}
		},
		{
			"name": "right_cover",
			"from": [1, 3, 3],
			"to": [7, 3.25, 13],
			"rotation": {"angle": -22.5, "axis": "z", "origin": [7, 3, 8]},
			"faces": {
				"north": {"uv": [12, 2.5, 13.5, 2.75], "rotation": 180, "texture": "#0"},
				"south": {"uv": [10.5, 2.5, 12, 2.75], "texture": "#0"},
				"west": {"uv": [13.5, 2.5, 16, 2.75], "texture": "#0"},
				"up": {"uv": [12, 2.5, 10.5, 0], "texture": "#0"},
				"down": {"uv": [12, 2.5, 13.5, 0], "rotation": 180, "texture": "#0"}
			}
		},
		{
			"name": "left_cover",
			"from": [9, 3, 3],
			"to": [15, 3.25, 13],
			"rotation": {"angle": 22.5, "axis": "z", "origin": [9, 3, 8]},
			"faces": {
				"north": {"uv": [4, 2.5, 5.5, 2.75], "texture": "#0"},
				"east": {"uv": [0, 2.5, 2.5, 2.75], "texture": "#0"},
				"south": {"uv": [2.5, 2.5, 4, 2.75], "texture": "#0"},
				"up": {"uv": [4, 2.5, 2.5, 0], "texture": "#0"},
				"down": {"uv": [4, 0, 5.5, 2.5], "texture": "#0"}
			}
		},
		{
			"name": "right_pages",
			"from": [2, 3.1, 4],
			"to": [7, 4.1, 12],
			"rotation": {"angle": -22.5, "axis": "z", "origin": [7, 3, 8]},
			"faces": {
				"north": {"uv": [10.75, 4.75, 12, 5], "texture": "#0"},
				"south": {"uv": [14, 4.75, 15.25, 5], "texture": "#0"},
				"west": {"uv": [12, 4.75, 14, 5], "texture": "#0"},
				"up": {"uv": [10.75, 2.75, 12, 4.75], "rotation": 180, "texture": "#0"}
			}
		},
		{
			"name": "left_pages",
			"from": [9, 3.1, 4],
			"to": [14, 4.1, 12],
			"rotation": {"angle": 22.5, "axis": "z", "origin": [9, 3, 8]},
			"faces": {
				"north": {"uv": [2.75, 4.75, 4, 5], "texture": "#0"},
				"east": {"uv": [0.75, 4.75, 2.75, 5], "texture": "#0"},
				"south": {"uv": [6, 5.25, 7.25, 5.5], "texture": "#0"},
				"up": {"uv": [2.75, 2.75, 4, 4.75], "rotation": 180, "texture": "#0"}
			}
		},
		{
			"name": "middle_pages",
			"from": [7, 3.1, 3.9995],
			"to": [9, 4.1, 12.0005],
			"faces": {
				"north": {"uv": [7.5, 5.25, 8, 5.5], "texture": "#0"},
				"east": {"uv": [5.5, 10.5, 7.5, 11], "texture": "#0"},
				"south": {"uv": [10, 5.25, 10.5, 5.5], "texture": "#0"},
				"west": {"uv": [8, 10.5, 10, 11], "texture": "#0"},
				"up": {"uv": [8, 5.25, 7.5, 3.25], "texture": "#0"}
			}
		},
		{
			"name": "particles_3",
			"from": [1, 0, 8],
			"to": [15, 10, 8],
			"rotation": {"angle": -22.5, "axis": "x", "origin": [0, 0, 0]},
			"faces": {
				"north": {"uv": [6, 0, 0, 5], "texture": "#1"},
				"east": {"uv": [16, 16, 16, 16], "texture": "#1"},
				"south": {"uv": [0, 0, 6, 5], "texture": "#1"},
				"west": {"uv": [16, 16, 16, 16], "texture": "#1"},
				"up": {"uv": [16, 16, 16, 16], "texture": "#1"},
				"down": {"uv": [16, 16, 16, 16], "texture": "#1"}
			}
		},
		{
			"name": "particles_2",
			"from": [1, 0, 7],
			"to": [15, 10, 7],
			"rotation": {"angle": -22.5, "axis": "x", "origin": [0, 0, 0]},
			"faces": {
				"north": {"uv": [6, 5, 0, 10], "texture": "#1"},
				"east": {"uv": [16, 16, 16, 16], "texture": "#1"},
				"south": {"uv": [0, 5, 6, 10], "texture": "#1"},
				"west": {"uv": [16, 16, 16, 16], "texture": "#1"},
				"up": {"uv": [16, 16, 16, 16], "texture": "#1"},
				"down": {"uv": [16, 16, 16, 16], "texture": "#1"}
			}
		},
		{
			"name": "particles_1",
			"from": [1, 1, 6],
			"to": [15, 10, 6],
			"rotation": {"angle": -22.5, "axis": "x", "origin": [0, 0, 0]},
			"faces": {
				"north": {"uv": [6, 10, 0, 15], "texture": "#1"},
				"east": {"uv": [16, 16, 16, 16], "texture": "#1"},
				"south": {"uv": [0, 10, 6, 15], "texture": "#1"},
				"west": {"uv": [16, 16, 16, 16], "texture": "#1"},
				"up": {"uv": [16, 16, 16, 16], "texture": "#1"},
				"down": {"uv": [16, 16, 16, 16], "texture": "#1"}
			}
		}
	],
	"gui_light": "front",
	"display": {
		"thirdperson_righthand": {
			"rotation": [85, 0, 12],
			"translation": [-1, 5.25, 5]
		},
		"thirdperson_lefthand": {
			"rotation": [85, 0, 12],
			"translation": [-1, 5.25, 5]
		},
		"firstperson_righthand": {
			"rotation": [28, 0, 0],
			"translation": [-9, 5, 3.75]
		},
		"firstperson_lefthand": {
			"rotation": [28, 0, 0],
			"translation": [-9, 5, 3.75]
		},
		"ground": {
			"rotation": [18, 0, 0],
			"translation": [0, 4, 0],
			"scale": [0.71, 0.75, 0.75]
		},
		"gui": {
			"rotation": [99, 0, -142],
			"translation": [3.6, 1, 0],
			"scale": [1.3, 2.25, 1.3]
		},
		"head": {
			"rotation": [-180, 0, 0],
			"translation": [0, 0.5, 0],
			"scale": [2, 2, 2]
		},
		"fixed": {
			"rotation": [90, 0, -180],
			"translation": [0, 0, -7.75],
			"scale": [1.3, 1.3, 1.3]
		}
	},
	"groups": [
		{
			"name": "books",
			"origin": [0, 0, 0],
			"color": 0,
			"children": [0, 1, 2, 3, 4, 5]
		},
		{
			"name": "particles",
			"origin": [0, 0, 0],
			"color": 0,
			"children": [6, 7, 8]
		}
	]
}