{
	"credit": "Model by Daniel Rose",
	"parent": "item/handheld",
	"textures": {
		"layer0": "./rusty_crowbar"
	},
	"display": {
		"thirdperson_righthand": {
			"rotation": [0, -90, 45],
			"translation": [0, -1.5, 2]
		},
		"thirdperson_lefthand": {
			"rotation": [0, 90, -45],
			"translation": [0, -1.5, 2]
		},
		"firstperson_righthand": {
			"rotation": [0, -90, 70],
			"translation": [1.13, -1, 1.13],
			"scale": [0.68, 0.68, 0.68]
		},
		"firstperson_lefthand": {
			"rotation": [0, 90, -70],
			"translation": [1.13, -1, 1.13],
			"scale": [0.68, 0.68, 0.68]
		}
	}
}