{
	"credit": "Model by Daniel Rose",
	"parent": "item/generated",
	"textures": {
		"layer0": "./overkill"
	},
	"display": {
		"thirdperson_righthand": {
			"rotation": [0, -90, 48],
			"translation": [0, 5.75, 1.75],
			"scale": [1.15, 1.15, 1.15]
		},
		"thirdperson_lefthand": {
			"rotation": [0, 90, -48],
			"translation": [0, 5.75, 1.75],
			"scale": [1.15, 1.15, 1.15]
		},
		"firstperson_righthand": {
			"rotation": [0, -90, 25],
			"translation": [1.13, 3.2, 1.13],
			"scale": [0.75, 0.75, 0.75]
		},
		"firstperson_lefthand": {
			"rotation": [0, 90, -25],
			"translation": [1.13, 3.2, 1.13],
			"scale": [0.75, 0.75, 0.75]
		},
		"ground": {
			"translation": [0, 3.2, 0],
			"scale": [0.8, 0.8, 0.8]
		}
	}
}